16410	>	b	16386	16386	16	16396	16412	16413	f	f	public
16411	>=	b	16386	16386	16	16397	16413	16412	f	f	public
16412	<	b	16386	16386	16	16394	16410	16411	f	f	public
16413	<=	b	16386	16386	16	16395	16411	16410	f	f	public
16414	>>	b	16386	16386	16	16393	16415	0	f	f	public
16415	<<	b	16386	16386	16	16392	16414	0	f	f	public
16416	&<	b	16386	16386	16	16390	0	0	f	f	public
16417	&&	b	16386	16386	16	16400	16417	0	f	f	public
16418	&>	b	16386	16386	16	16391	0	0	f	f	public
16419	<>	b	16386	16386	16	16402	16419	16420	f	f	public
16420	=	b	16386	16386	16	16401	16420	16419	t	f	public
16421	<@	b	16386	16386	16	16399	16422	0	f	f	public
16422	@>	b	16386	16386	16	16398	16421	0	f	f	public
