16394	->	b	16386	25	25	16393	0	0	f	f	public
16396	->	b	16386	1009	1009	16395	0	0	f	f	public
16400	?	b	16386	25	16	16399	0	0	f	f	public
16402	?|	b	16386	1009	16	16401	0	0	f	f	public
16404	?&	b	16386	1009	16	16403	0	0	f	f	public
16410	-	b	16386	25	16386	16407	0	0	f	f	public
16411	-	b	16386	1009	16386	16408	0	0	f	f	public
16412	-	b	16386	16386	16386	16409	0	0	f	f	public
16414	||	b	16386	16386	16386	16413	0	0	f	f	public
16417	<@	b	16386	16386	16	16416	16418	0	f	f	public
16418	@>	b	16386	16386	16	16415	16417	0	f	f	public
16434	%%	l	0	16386	1009	16433	0	0	f	f	public
16436	%#	l	0	16386	1009	16435	0	0	f	f	public
16443	#=	b	2283	16386	2283	16442	0	0	f	f	public
16451	<>	b	16386	16386	16	16445	16451	16452	f	f	public
16452	=	b	16386	16386	16	16444	16452	16451	t	t	public
16453	#>#	b	16386	16386	16	16446	16455	16456	f	f	public
16454	#>=#	b	16386	16386	16	16447	16456	16455	f	f	public
16455	#<#	b	16386	16386	16	16448	16453	16454	f	f	public
16456	#<=#	b	16386	16386	16	16449	16454	16453	f	f	public
