16386	gbtreekey4	b	U	f	4	f	0	16389	0	0	-1	public
16389	_gbtreekey4	b	A	f	-1	f	16386	0	0	0	-1	public
16390	gbtreekey8	b	U	f	8	f	0	16393	0	0	-1	public
16393	_gbtreekey8	b	A	f	-1	f	16390	0	0	0	-1	public
16394	gbtreekey16	b	U	f	16	f	0	16397	0	0	-1	public
16397	_gbtreekey16	b	A	f	-1	f	16394	0	0	0	-1	public
16398	gbtreekey32	b	U	f	32	f	0	16401	0	0	-1	public
16401	_gbtreekey32	b	A	f	-1	f	16398	0	0	0	-1	public
16402	gbtreekey_var	b	U	f	-1	f	0	16405	0	0	-1	public
16405	_gbtreekey_var	b	A	f	-1	f	16402	0	0	0	-1	public
17008	gbtreekey2	b	U	f	2	f	0	17011	0	0	-1	public
17011	_gbtreekey2	b	A	f	-1	f	17008	0	0	0	-1	public
