16409	<>	b	16386	16386	16	16404	16409	16410	f	f	public
16410	=	b	16386	16386	16	16403	16410	16409	t	t	public
16411	>	b	16386	16386	16	16407	16413	16414	f	f	public
16412	>=	b	16386	16386	16	16408	16414	16413	f	f	public
16413	<	b	16386	16386	16	16405	16411	16412	f	f	public
16414	<=	b	16386	16386	16	16406	16412	16411	f	f	public
16437	!~	b	16386	16386	16	16436	0	16438	f	f	public
16438	~	b	16386	16386	16	16435	0	16437	f	f	public
16439	!~*	b	16386	16386	16	16436	0	16440	f	f	public
16440	~*	b	16386	16386	16	16435	0	16439	f	f	public
16441	!~~	b	16386	16386	16	16434	0	16442	f	f	public
16442	~~	b	16386	16386	16	16433	0	16441	f	f	public
16443	!~~*	b	16386	16386	16	16434	0	16444	f	f	public
16444	~~*	b	16386	16386	16	16433	0	16443	f	f	public
16449	!~	b	16386	25	16	16448	0	16450	f	f	public
16450	~	b	16386	25	16	16447	0	16449	f	f	public
16451	!~*	b	16386	25	16	16448	0	16452	f	f	public
16452	~*	b	16386	25	16	16447	0	16451	f	f	public
16453	!~~	b	16386	25	16	16446	0	16454	f	f	public
16454	~~	b	16386	25	16	16445	0	16453	f	f	public
16455	!~~*	b	16386	25	16	16446	0	16456	f	f	public
16456	~~*	b	16386	25	16	16445	0	16455	f	f	public
16475	~>~	b	16386	16386	16	16473	16477	16478	f	f	public
16476	~>=~	b	16386	16386	16	16474	16478	16477	f	f	public
16477	~<~	b	16386	16386	16	16471	16475	16476	f	f	public
16478	~<=~	b	16386	16386	16	16472	16476	16475	f	f	public
