16397	>	b	16386	16386	16	16395	16399	16400	f	f	public
16398	>=	b	16386	16386	16	16394	16400	16399	f	f	public
16399	<	b	16386	16386	16	16391	16397	16398	f	f	public
16400	<=	b	16386	16386	16	16392	16398	16397	f	f	public
16401	<>	b	16386	16386	16	16396	16401	16402	f	f	public
16402	=	b	16386	16386	16	16393	16402	16401	t	t	public
16425	<@	b	16386	16386	16	16420	16426	0	f	f	public
16426	@>	b	16386	16386	16	16419	16425	0	f	f	public
16427	^<@	b	16386	16386	16	16420	16428	0	f	f	public
16428	^@>	b	16386	16386	16	16419	16427	0	f	f	public
16429	||	b	16386	16386	16386	16421	0	0	f	f	public
16430	||	b	16386	25	16386	16422	0	0	f	f	public
16431	||	b	25	16386	16386	16423	0	0	f	f	public
16446	~	b	16440	16386	16	16445	16447	0	f	f	public
16447	~	b	16386	16440	16	16444	16446	0	f	f	public
16448	^~	b	16440	16386	16	16445	16449	0	f	f	public
16449	^~	b	16386	16440	16	16444	16448	0	f	f	public
16452	?	b	16443	16386	16	16451	16453	0	f	f	public
16453	?	b	16386	16443	16	16450	16452	0	f	f	public
16454	^?	b	16443	16386	16	16451	16455	0	f	f	public
16455	^?	b	16386	16443	16	16450	16454	0	f	f	public
16462	@	b	16456	16386	16	16461	16463	0	f	f	public
16463	@	b	16386	16456	16	16460	16462	0	f	f	public
16464	^@	b	16456	16386	16	16461	16465	0	f	f	public
16465	^@	b	16386	16456	16	16460	16464	0	f	f	public
16509	<@	b	16386	16389	16	16500	16510	0	f	f	public
16510	@>	b	16389	16386	16	16499	16509	0	f	f	public
16511	@>	b	16386	16389	16	16502	16512	0	f	f	public
16512	<@	b	16389	16386	16	16501	16511	0	f	f	public
16513	~	b	16440	16389	16	16504	16514	0	f	f	public
16514	~	b	16389	16440	16	16503	16513	0	f	f	public
16515	?	b	16443	16389	16	16506	16516	0	f	f	public
16516	?	b	16389	16443	16	16505	16515	0	f	f	public
16517	@	b	16456	16389	16	16508	16518	0	f	f	public
16518	@	b	16389	16456	16	16507	16517	0	f	f	public
16519	^<@	b	16386	16389	16	16500	16520	0	f	f	public
16520	^@>	b	16389	16386	16	16499	16519	0	f	f	public
16521	^@>	b	16386	16389	16	16502	16522	0	f	f	public
16522	^<@	b	16389	16386	16	16501	16521	0	f	f	public
16523	^~	b	16440	16389	16	16504	16524	0	f	f	public
16524	^~	b	16389	16440	16	16503	16523	0	f	f	public
16525	^?	b	16443	16389	16	16506	16526	0	f	f	public
16526	^?	b	16389	16443	16	16505	16525	0	f	f	public
16527	^@	b	16456	16389	16	16508	16528	0	f	f	public
16528	^@	b	16389	16456	16	16507	16527	0	f	f	public
16530	?@>	b	16389	16386	16386	16529	0	0	f	f	public
16532	?<@	b	16389	16386	16386	16531	0	0	f	f	public
16534	?~	b	16389	16440	16386	16533	0	0	f	f	public
16536	?@	b	16389	16456	16386	16535	0	0	f	f	public
