13485	plpgsql_call_handler	f	2280	f	0	0	0	f	v					pg_catalog
13486	plpgsql_inline_handler	f	2278	f	0	1	0	t	v	2281				pg_catalog
13487	plpgsql_validator	f	2278	f	0	1	0	t	v	26				pg_catalog
16386	digest	f	17	f	0	2	0	t	i	25 25				public
16387	digest	f	17	f	0	2	0	t	i	17 25				public
16388	hmac	f	17	f	0	3	0	t	i	25 25 25				public
16389	hmac	f	17	f	0	3	0	t	i	17 17 25				public
16390	crypt	f	25	f	0	2	0	t	i	25 25				public
16391	gen_salt	f	25	f	0	1	0	t	v	25				public
16392	gen_salt	f	25	f	0	2	0	t	v	25 23				public
16393	encrypt	f	17	f	0	3	0	t	i	17 17 25				public
16394	decrypt	f	17	f	0	3	0	t	i	17 17 25				public
16395	encrypt_iv	f	17	f	0	4	0	t	i	17 17 17 25				public
16396	decrypt_iv	f	17	f	0	4	0	t	i	17 17 17 25				public
16397	gen_random_bytes	f	17	f	0	1	0	t	v	23				public
16398	gen_random_uuid	f	2950	f	0	0	0	f	v					public
16399	pgp_sym_encrypt	f	17	f	0	2	0	t	v	25 25				public
16400	pgp_sym_encrypt_bytea	f	17	f	0	2	0	t	v	17 25				public
16401	pgp_sym_encrypt	f	17	f	0	3	0	t	v	25 25 25				public
16402	pgp_sym_encrypt_bytea	f	17	f	0	3	0	t	v	17 25 25				public
16403	pgp_sym_decrypt	f	25	f	0	2	0	t	i	17 25				public
16404	pgp_sym_decrypt_bytea	f	17	f	0	2	0	t	i	17 25				public
16405	pgp_sym_decrypt	f	25	f	0	3	0	t	i	17 25 25				public
16406	pgp_sym_decrypt_bytea	f	17	f	0	3	0	t	i	17 25 25				public
16407	pgp_pub_encrypt	f	17	f	0	2	0	t	v	25 17				public
16408	pgp_pub_encrypt_bytea	f	17	f	0	2	0	t	v	17 17				public
16409	pgp_pub_encrypt	f	17	f	0	3	0	t	v	25 17 25				public
16410	pgp_pub_encrypt_bytea	f	17	f	0	3	0	t	v	17 17 25				public
16411	pgp_pub_decrypt	f	25	f	0	2	0	t	i	17 17				public
16412	pgp_pub_decrypt_bytea	f	17	f	0	2	0	t	i	17 17				public
16413	pgp_pub_decrypt	f	25	f	0	3	0	t	i	17 17 25				public
16414	pgp_pub_decrypt_bytea	f	17	f	0	3	0	t	i	17 17 25				public
16415	pgp_pub_decrypt	f	25	f	0	4	0	t	i	17 17 25 25				public
16416	pgp_pub_decrypt_bytea	f	17	f	0	4	0	t	i	17 17 25 25				public
16417	pgp_key_id	f	25	f	0	1	0	t	i	17				public
16418	armor	f	25	f	0	1	0	t	i	17				public
16419	armor	f	25	f	0	3	0	t	i	17 1009 1009				public
16420	dearmor	f	17	f	0	1	0	t	i	25				public
16421	pgp_armor_headers	f	2249	t	0	1	0	t	i	25	25 25 25	ioo	,key,value	public
