15	=	b	23	20	16	852	416	36	t	t	pg_catalog
36	<>	b	23	20	16	853	417	15	f	f	pg_catalog
37	<	b	23	20	16	854	419	82	f	f	pg_catalog
58	<	b	16	16	16	56	59	1695	f	f	pg_catalog
59	>	b	16	16	16	57	58	1694	f	f	pg_catalog
76	>	b	23	20	16	855	418	80	f	f	pg_catalog
80	<=	b	23	20	16	856	430	76	f	f	pg_catalog
82	>=	b	23	20	16	857	420	37	f	f	pg_catalog
85	<>	b	16	16	16	84	85	91	f	f	pg_catalog
91	=	b	16	16	16	60	91	85	t	t	pg_catalog
92	=	b	18	18	16	61	92	630	t	t	pg_catalog
93	=	b	19	19	16	62	93	643	t	t	pg_catalog
94	=	b	21	21	16	63	94	519	t	t	pg_catalog
95	<	b	21	21	16	64	520	524	f	f	pg_catalog
96	=	b	23	23	16	65	96	518	t	t	pg_catalog
97	<	b	23	23	16	66	521	525	f	f	pg_catalog
98	=	b	25	25	16	67	98	531	t	t	pg_catalog
254	=	b	19	25	16	240	260	259	t	t	pg_catalog
255	<	b	19	25	16	241	264	257	f	f	pg_catalog
256	<=	b	19	25	16	242	263	258	f	f	pg_catalog
257	>=	b	19	25	16	243	262	255	f	f	pg_catalog
258	>	b	19	25	16	244	261	256	f	f	pg_catalog
259	<>	b	19	25	16	245	265	254	f	f	pg_catalog
260	=	b	25	19	16	247	254	265	t	t	pg_catalog
261	<	b	25	19	16	248	258	263	f	f	pg_catalog
262	<=	b	25	19	16	249	257	264	f	f	pg_catalog
263	>=	b	25	19	16	250	256	261	f	f	pg_catalog
264	>	b	25	19	16	251	255	262	f	f	pg_catalog
265	<>	b	25	19	16	252	259	260	f	f	pg_catalog
349	||	b	5078	5077	5078	378	0	0	f	f	pg_catalog
352	=	b	28	28	16	68	352	3315	f	t	pg_catalog
353	=	b	28	23	16	1319	0	3316	f	f	pg_catalog
374	||	b	5077	5078	5078	379	0	0	f	f	pg_catalog
375	||	b	5078	5078	5078	383	0	0	f	f	pg_catalog
385	=	b	29	29	16	69	385	0	f	t	pg_catalog
387	=	b	27	27	16	1292	387	402	t	t	pg_catalog
402	<>	b	27	27	16	1265	402	387	f	f	pg_catalog
410	=	b	20	20	16	467	410	411	t	t	pg_catalog
411	<>	b	20	20	16	468	411	410	f	f	pg_catalog
412	<	b	20	20	16	469	413	415	f	f	pg_catalog
413	>	b	20	20	16	470	412	414	f	f	pg_catalog
414	<=	b	20	20	16	471	415	413	f	f	pg_catalog
415	>=	b	20	20	16	472	414	412	f	f	pg_catalog
416	=	b	20	23	16	474	15	417	t	t	pg_catalog
417	<>	b	20	23	16	475	36	416	f	f	pg_catalog
418	<	b	20	23	16	476	76	430	f	f	pg_catalog
419	>	b	20	23	16	477	37	420	f	f	pg_catalog
420	<=	b	20	23	16	478	82	419	f	f	pg_catalog
430	>=	b	20	23	16	479	80	418	f	f	pg_catalog
433	@>	b	603	600	16	193	511	0	f	f	pg_catalog
439	%	b	20	20	20	945	0	0	f	f	pg_catalog
473	@	l	0	20	20	1230	0	0	f	f	pg_catalog
484	-	l	0	20	20	462	0	0	f	f	pg_catalog
485	<<	b	604	604	16	341	0	0	f	f	pg_catalog
486	&<	b	604	604	16	342	0	0	f	f	pg_catalog
487	&>	b	604	604	16	343	0	0	f	f	pg_catalog
488	>>	b	604	604	16	344	0	0	f	f	pg_catalog
489	<@	b	604	604	16	345	490	0	f	f	pg_catalog
490	@>	b	604	604	16	340	489	0	f	f	pg_catalog
491	~=	b	604	604	16	339	491	0	f	f	pg_catalog
492	&&	b	604	604	16	346	492	0	f	f	pg_catalog
493	<<	b	603	603	16	188	0	0	f	f	pg_catalog
494	&<	b	603	603	16	189	0	0	f	f	pg_catalog
495	&>	b	603	603	16	190	0	0	f	f	pg_catalog
496	>>	b	603	603	16	191	0	0	f	f	pg_catalog
497	<@	b	603	603	16	192	498	0	f	f	pg_catalog
498	@>	b	603	603	16	187	497	0	f	f	pg_catalog
499	~=	b	603	603	16	186	499	0	f	f	pg_catalog
500	&&	b	603	603	16	125	500	0	f	f	pg_catalog
501	>=	b	603	603	16	126	505	504	f	f	pg_catalog
502	>	b	603	603	16	127	504	505	f	f	pg_catalog
503	=	b	603	603	16	128	503	0	f	f	pg_catalog
504	<	b	603	603	16	129	502	501	f	f	pg_catalog
505	<=	b	603	603	16	130	501	502	f	f	pg_catalog
506	>^	b	600	600	16	131	0	0	f	f	pg_catalog
507	<<	b	600	600	16	132	0	0	f	f	pg_catalog
508	>>	b	600	600	16	133	0	0	f	f	pg_catalog
509	<^	b	600	600	16	134	0	0	f	f	pg_catalog
510	~=	b	600	600	16	135	510	713	f	f	pg_catalog
511	<@	b	600	603	16	136	433	0	f	f	pg_catalog
512	<@	b	600	602	16	137	755	0	f	f	pg_catalog
513	@@	l	0	603	600	138	0	0	f	f	pg_catalog
514	*	b	23	23	23	141	514	0	f	f	pg_catalog
517	<->	b	600	600	701	991	517	0	f	f	pg_catalog
518	<>	b	23	23	16	144	518	96	f	f	pg_catalog
519	<>	b	21	21	16	145	519	94	f	f	pg_catalog
520	>	b	21	21	16	146	95	522	f	f	pg_catalog
521	>	b	23	23	16	147	97	523	f	f	pg_catalog
522	<=	b	21	21	16	148	524	520	f	f	pg_catalog
523	<=	b	23	23	16	149	525	521	f	f	pg_catalog
524	>=	b	21	21	16	151	522	95	f	f	pg_catalog
525	>=	b	23	23	16	150	523	97	f	f	pg_catalog
526	*	b	21	21	21	152	526	0	f	f	pg_catalog
527	/	b	21	21	21	153	0	0	f	f	pg_catalog
528	/	b	23	23	23	154	0	0	f	f	pg_catalog
529	%	b	21	21	21	155	0	0	f	f	pg_catalog
530	%	b	23	23	23	156	0	0	f	f	pg_catalog
531	<>	b	25	25	16	157	531	98	f	f	pg_catalog
532	=	b	21	23	16	158	533	538	t	t	pg_catalog
533	=	b	23	21	16	159	532	539	t	t	pg_catalog
534	<	b	21	23	16	160	537	542	f	f	pg_catalog
535	<	b	23	21	16	161	536	543	f	f	pg_catalog
536	>	b	21	23	16	162	535	540	f	f	pg_catalog
537	>	b	23	21	16	163	534	541	f	f	pg_catalog
538	<>	b	21	23	16	164	539	532	f	f	pg_catalog
539	<>	b	23	21	16	165	538	533	f	f	pg_catalog
540	<=	b	21	23	16	166	543	536	f	f	pg_catalog
541	<=	b	23	21	16	167	542	537	f	f	pg_catalog
542	>=	b	21	23	16	168	541	534	f	f	pg_catalog
543	>=	b	23	21	16	169	540	535	f	f	pg_catalog
544	*	b	21	23	23	170	545	0	f	f	pg_catalog
545	*	b	23	21	23	171	544	0	f	f	pg_catalog
546	/	b	21	23	23	172	0	0	f	f	pg_catalog
547	/	b	23	21	23	173	0	0	f	f	pg_catalog
550	+	b	21	21	21	176	550	0	f	f	pg_catalog
551	+	b	23	23	23	177	551	0	f	f	pg_catalog
552	+	b	21	23	23	178	553	0	f	f	pg_catalog
553	+	b	23	21	23	179	552	0	f	f	pg_catalog
554	-	b	21	21	21	180	0	0	f	f	pg_catalog
555	-	b	23	23	23	181	0	0	f	f	pg_catalog
556	-	b	21	23	23	182	0	0	f	f	pg_catalog
557	-	b	23	21	23	183	0	0	f	f	pg_catalog
558	-	l	0	23	23	212	0	0	f	f	pg_catalog
559	-	l	0	21	21	213	0	0	f	f	pg_catalog
584	-	l	0	700	700	206	0	0	f	f	pg_catalog
585	-	l	0	701	701	220	0	0	f	f	pg_catalog
586	+	b	700	700	700	204	586	0	f	f	pg_catalog
587	-	b	700	700	700	205	0	0	f	f	pg_catalog
588	/	b	700	700	700	203	0	0	f	f	pg_catalog
589	*	b	700	700	700	202	589	0	f	f	pg_catalog
590	@	l	0	700	700	207	0	0	f	f	pg_catalog
591	+	b	701	701	701	218	591	0	f	f	pg_catalog
592	-	b	701	701	701	219	0	0	f	f	pg_catalog
593	/	b	701	701	701	217	0	0	f	f	pg_catalog
594	*	b	701	701	701	216	594	0	f	f	pg_catalog
595	@	l	0	701	701	221	0	0	f	f	pg_catalog
596	|/	l	0	701	701	230	0	0	f	f	pg_catalog
597	||/	l	0	701	701	231	0	0	f	f	pg_catalog
606	<->	b	603	600	701	357	615	0	f	f	pg_catalog
607	=	b	26	26	16	184	607	608	t	t	pg_catalog
608	<>	b	26	26	16	185	608	607	f	f	pg_catalog
609	<	b	26	26	16	716	610	612	f	f	pg_catalog
610	>	b	26	26	16	1638	609	611	f	f	pg_catalog
611	<=	b	26	26	16	717	612	610	f	f	pg_catalog
612	>=	b	26	26	16	1639	611	609	f	f	pg_catalog
613	<->	b	600	628	701	725	760	0	f	f	pg_catalog
614	<->	b	600	601	701	363	761	0	f	f	pg_catalog
615	<->	b	600	603	701	364	606	0	f	f	pg_catalog
616	<->	b	601	628	701	727	762	0	f	f	pg_catalog
617	<->	b	601	603	701	365	763	0	f	f	pg_catalog
618	<->	b	600	602	701	371	784	0	f	f	pg_catalog
620	=	b	700	700	16	287	620	621	t	t	pg_catalog
621	<>	b	700	700	16	288	621	620	f	f	pg_catalog
622	<	b	700	700	16	289	623	625	f	f	pg_catalog
623	>	b	700	700	16	291	622	624	f	f	pg_catalog
624	<=	b	700	700	16	290	625	623	f	f	pg_catalog
625	>=	b	700	700	16	292	624	622	f	f	pg_catalog
630	<>	b	18	18	16	70	630	92	f	f	pg_catalog
631	<	b	18	18	16	1246	633	634	f	f	pg_catalog
632	<=	b	18	18	16	72	634	633	f	f	pg_catalog
633	>	b	18	18	16	73	631	632	f	f	pg_catalog
634	>=	b	18	18	16	74	632	631	f	f	pg_catalog
639	~	b	19	25	16	79	0	640	f	f	pg_catalog
640	!~	b	19	25	16	1252	0	639	f	f	pg_catalog
641	~	b	25	25	16	1254	0	642	f	f	pg_catalog
642	!~	b	25	25	16	1256	0	641	f	f	pg_catalog
643	<>	b	19	19	16	659	643	93	f	f	pg_catalog
644	<>	b	30	30	16	619	644	649	f	f	pg_catalog
645	<	b	30	30	16	677	646	648	f	f	pg_catalog
646	>	b	30	30	16	681	645	647	f	f	pg_catalog
647	<=	b	30	30	16	678	648	646	f	f	pg_catalog
648	>=	b	30	30	16	680	647	645	f	f	pg_catalog
649	=	b	30	30	16	679	649	644	t	t	pg_catalog
654	||	b	25	25	25	1258	0	0	f	f	pg_catalog
660	<	b	19	19	16	655	662	663	f	f	pg_catalog
661	<=	b	19	19	16	656	663	662	f	f	pg_catalog
662	>	b	19	19	16	657	660	661	f	f	pg_catalog
663	>=	b	19	19	16	658	661	660	f	f	pg_catalog
664	<	b	25	25	16	740	666	667	f	f	pg_catalog
665	<=	b	25	25	16	741	667	666	f	f	pg_catalog
666	>	b	25	25	16	742	664	665	f	f	pg_catalog
667	>=	b	25	25	16	743	665	664	f	f	pg_catalog
670	=	b	701	701	16	293	670	671	t	t	pg_catalog
671	<>	b	701	701	16	294	671	670	f	f	pg_catalog
672	<	b	701	701	16	295	674	675	f	f	pg_catalog
673	<=	b	701	701	16	296	675	674	f	f	pg_catalog
674	>	b	701	701	16	297	672	673	f	f	pg_catalog
675	>=	b	701	701	16	298	673	672	f	f	pg_catalog
682	@	l	0	21	21	1253	0	0	f	f	pg_catalog
684	+	b	20	20	20	463	684	0	f	f	pg_catalog
685	-	b	20	20	20	464	0	0	f	f	pg_catalog
686	*	b	20	20	20	465	686	0	f	f	pg_catalog
687	/	b	20	20	20	466	0	0	f	f	pg_catalog
688	+	b	20	23	20	1274	692	0	f	f	pg_catalog
689	-	b	20	23	20	1275	0	0	f	f	pg_catalog
690	*	b	20	23	20	1276	694	0	f	f	pg_catalog
691	/	b	20	23	20	1277	0	0	f	f	pg_catalog
692	+	b	23	20	20	1278	688	0	f	f	pg_catalog
693	-	b	23	20	20	1279	0	0	f	f	pg_catalog
694	*	b	23	20	20	1280	690	0	f	f	pg_catalog
695	/	b	23	20	20	1281	0	0	f	f	pg_catalog
706	<->	b	603	603	701	978	706	0	f	f	pg_catalog
707	<->	b	602	602	701	370	707	0	f	f	pg_catalog
708	<->	b	628	628	701	239	708	0	f	f	pg_catalog
709	<->	b	601	601	701	361	709	0	f	f	pg_catalog
712	<->	b	604	604	701	729	712	0	f	f	pg_catalog
713	<>	b	600	600	16	988	713	510	f	f	pg_catalog
731	+	b	600	600	600	1441	731	0	f	f	pg_catalog
732	-	b	600	600	600	1442	0	0	f	f	pg_catalog
733	*	b	600	600	600	1443	733	0	f	f	pg_catalog
734	/	b	600	600	600	1444	0	0	f	f	pg_catalog
735	+	b	602	602	602	1435	735	0	f	f	pg_catalog
736	+	b	602	600	602	1436	0	0	f	f	pg_catalog
737	-	b	602	600	602	1437	0	0	f	f	pg_catalog
738	*	b	602	600	602	1438	0	0	f	f	pg_catalog
739	/	b	602	600	602	1439	0	0	f	f	pg_catalog
755	@>	b	602	600	16	1426	512	0	f	f	pg_catalog
756	<@	b	600	604	16	1429	757	0	f	f	pg_catalog
757	@>	b	604	600	16	1428	756	0	f	f	pg_catalog
758	<@	b	600	718	16	1478	759	0	f	f	pg_catalog
759	@>	b	718	600	16	1477	758	0	f	f	pg_catalog
760	<->	b	628	600	701	702	613	0	f	f	pg_catalog
761	<->	b	601	600	701	380	614	0	f	f	pg_catalog
762	<->	b	628	601	701	704	616	0	f	f	pg_catalog
763	<->	b	603	601	701	381	617	0	f	f	pg_catalog
773	@	l	0	23	23	1251	0	0	f	f	pg_catalog
784	<->	b	602	600	701	421	618	0	f	f	pg_catalog
792	=	b	602	602	16	984	792	0	f	f	pg_catalog
793	<	b	602	602	16	982	794	0	f	f	pg_catalog
794	>	b	602	602	16	983	793	0	f	f	pg_catalog
795	<=	b	602	602	16	985	796	0	f	f	pg_catalog
796	>=	b	602	602	16	986	795	0	f	f	pg_catalog
797	#	l	0	602	23	1432	0	0	f	f	pg_catalog
798	?#	b	602	602	16	973	0	0	f	f	pg_catalog
799	@-@	l	0	602	701	987	0	0	f	f	pg_catalog
800	>^	b	603	603	16	115	0	0	f	f	pg_catalog
801	<^	b	603	603	16	116	0	0	f	f	pg_catalog
802	?#	b	603	603	16	125	0	0	f	f	pg_catalog
803	#	b	603	603	603	980	0	0	f	f	pg_catalog
804	+	b	603	600	603	1422	0	0	f	f	pg_catalog
805	-	b	603	600	603	1423	0	0	f	f	pg_catalog
806	*	b	603	600	603	1424	0	0	f	f	pg_catalog
807	/	b	603	600	603	1425	0	0	f	f	pg_catalog
808	?-	b	600	600	16	990	808	0	f	f	pg_catalog
809	?|	b	600	600	16	989	809	0	f	f	pg_catalog
818	+	b	20	21	20	837	822	0	f	f	pg_catalog
819	-	b	20	21	20	838	0	0	f	f	pg_catalog
820	*	b	20	21	20	839	824	0	f	f	pg_catalog
821	/	b	20	21	20	840	0	0	f	f	pg_catalog
822	+	b	21	20	20	841	818	0	f	f	pg_catalog
823	-	b	21	20	20	942	0	0	f	f	pg_catalog
824	*	b	21	20	20	943	820	0	f	f	pg_catalog
825	/	b	21	20	20	948	0	0	f	f	pg_catalog
843	*	b	790	700	790	846	845	0	f	f	pg_catalog
844	/	b	790	700	790	847	0	0	f	f	pg_catalog
845	*	b	700	790	790	848	843	0	f	f	pg_catalog
900	=	b	790	790	16	888	900	901	t	f	pg_catalog
901	<>	b	790	790	16	889	901	900	f	f	pg_catalog
902	<	b	790	790	16	890	903	905	f	f	pg_catalog
903	>	b	790	790	16	892	902	904	f	f	pg_catalog
904	<=	b	790	790	16	891	905	903	f	f	pg_catalog
905	>=	b	790	790	16	893	904	902	f	f	pg_catalog
906	+	b	790	790	790	894	906	0	f	f	pg_catalog
907	-	b	790	790	790	895	0	0	f	f	pg_catalog
908	*	b	790	701	790	896	916	0	f	f	pg_catalog
909	/	b	790	701	790	897	0	0	f	f	pg_catalog
912	*	b	790	23	790	864	917	0	f	f	pg_catalog
913	/	b	790	23	790	865	0	0	f	f	pg_catalog
914	*	b	790	21	790	866	918	0	f	f	pg_catalog
915	/	b	790	21	790	867	0	0	f	f	pg_catalog
916	*	b	701	790	790	919	908	0	f	f	pg_catalog
917	*	b	23	790	790	862	912	0	f	f	pg_catalog
918	*	b	21	790	790	863	914	0	f	f	pg_catalog
931	<<	b	869	869	16	927	933	0	f	f	pg_catalog
932	<<=	b	869	869	16	928	934	0	f	f	pg_catalog
933	>>	b	869	869	16	929	931	0	f	f	pg_catalog
934	>>=	b	869	869	16	930	932	0	f	f	pg_catalog
965	^	b	701	701	701	232	0	0	f	f	pg_catalog
966	+	b	1034	1033	1034	1035	0	0	f	f	pg_catalog
967	-	b	1034	1033	1034	1036	0	0	f	f	pg_catalog
968	@>	b	1034	1033	16	1037	0	0	f	f	pg_catalog
969	@@	l	0	601	600	225	0	0	f	f	pg_catalog
971	@@	l	0	604	600	227	0	0	f	f	pg_catalog
974	=	b	1033	1033	16	1062	974	0	f	t	pg_catalog
1038	^	b	1700	1700	1700	1739	0	0	f	f	pg_catalog
1054	=	b	1042	1042	16	1048	1054	1057	t	t	pg_catalog
1055	~	b	1042	25	16	1658	0	1056	f	f	pg_catalog
1056	!~	b	1042	25	16	1659	0	1055	f	f	pg_catalog
1057	<>	b	1042	1042	16	1053	1057	1054	f	f	pg_catalog
1058	<	b	1042	1042	16	1049	1060	1061	f	f	pg_catalog
1059	<=	b	1042	1042	16	1050	1061	1060	f	f	pg_catalog
1060	>	b	1042	1042	16	1051	1058	1059	f	f	pg_catalog
1061	>=	b	1042	1042	16	1052	1059	1058	f	f	pg_catalog
1070	=	b	2277	2277	16	744	1070	1071	t	t	pg_catalog
1071	<>	b	2277	2277	16	390	1071	1070	f	f	pg_catalog
1072	<	b	2277	2277	16	391	1073	1075	f	f	pg_catalog
1073	>	b	2277	2277	16	392	1072	1074	f	f	pg_catalog
1074	<=	b	2277	2277	16	393	1075	1073	f	f	pg_catalog
1075	>=	b	2277	2277	16	396	1074	1072	f	f	pg_catalog
1076	+	b	1082	1186	1114	2071	2551	0	f	f	pg_catalog
1077	-	b	1082	1186	1114	2072	0	0	f	f	pg_catalog
1093	=	b	1082	1082	16	1086	1093	1094	t	t	pg_catalog
1094	<>	b	1082	1082	16	1091	1094	1093	f	f	pg_catalog
1095	<	b	1082	1082	16	1087	1097	1098	f	f	pg_catalog
1096	<=	b	1082	1082	16	1088	1098	1097	f	f	pg_catalog
1097	>	b	1082	1082	16	1089	1095	1096	f	f	pg_catalog
1098	>=	b	1082	1082	16	1090	1096	1095	f	f	pg_catalog
1099	-	b	1082	1082	23	1140	0	0	f	f	pg_catalog
1100	+	b	1082	23	1082	1141	2555	0	f	f	pg_catalog
1101	-	b	1082	23	1082	1142	0	0	f	f	pg_catalog
1108	=	b	1083	1083	16	1145	1108	1109	t	t	pg_catalog
1109	<>	b	1083	1083	16	1106	1109	1108	f	f	pg_catalog
1110	<	b	1083	1083	16	1102	1112	1113	f	f	pg_catalog
1111	<=	b	1083	1083	16	1103	1113	1112	f	f	pg_catalog
1112	>	b	1083	1083	16	1104	1110	1111	f	f	pg_catalog
1113	>=	b	1083	1083	16	1105	1111	1110	f	f	pg_catalog
1116	+	b	700	701	701	281	1126	0	f	f	pg_catalog
1117	-	b	700	701	701	282	0	0	f	f	pg_catalog
1118	/	b	700	701	701	280	0	0	f	f	pg_catalog
1119	*	b	700	701	701	279	1129	0	f	f	pg_catalog
1120	=	b	700	701	16	299	1130	1121	t	t	pg_catalog
1121	<>	b	700	701	16	300	1131	1120	f	f	pg_catalog
1122	<	b	700	701	16	301	1133	1125	f	f	pg_catalog
1123	>	b	700	701	16	303	1132	1124	f	f	pg_catalog
1124	<=	b	700	701	16	302	1135	1123	f	f	pg_catalog
1125	>=	b	700	701	16	304	1134	1122	f	f	pg_catalog
1126	+	b	701	700	701	285	1116	0	f	f	pg_catalog
1127	-	b	701	700	701	286	0	0	f	f	pg_catalog
1128	/	b	701	700	701	284	0	0	f	f	pg_catalog
1129	*	b	701	700	701	283	1119	0	f	f	pg_catalog
1130	=	b	701	700	16	305	1120	1131	t	t	pg_catalog
1131	<>	b	701	700	16	306	1121	1130	f	f	pg_catalog
1132	<	b	701	700	16	307	1123	1135	f	f	pg_catalog
1133	>	b	701	700	16	309	1122	1134	f	f	pg_catalog
1134	<=	b	701	700	16	308	1125	1133	f	f	pg_catalog
1135	>=	b	701	700	16	310	1124	1132	f	f	pg_catalog
1201	=	b	869	869	16	920	1201	1202	t	t	pg_catalog
1202	<>	b	869	869	16	925	1202	1201	f	f	pg_catalog
1203	<	b	869	869	16	921	1205	1206	f	f	pg_catalog
1204	<=	b	869	869	16	922	1206	1205	f	f	pg_catalog
1205	>	b	869	869	16	923	1203	1204	f	f	pg_catalog
1206	>=	b	869	869	16	924	1204	1203	f	f	pg_catalog
1207	~~	b	19	25	16	858	0	1208	f	f	pg_catalog
1208	!~~	b	19	25	16	859	0	1207	f	f	pg_catalog
1209	~~	b	25	25	16	850	0	1210	f	f	pg_catalog
1210	!~~	b	25	25	16	851	0	1209	f	f	pg_catalog
1211	~~	b	1042	25	16	1631	0	1212	f	f	pg_catalog
1212	!~~	b	1042	25	16	1632	0	1211	f	f	pg_catalog
1220	=	b	829	829	16	830	1220	1221	t	t	pg_catalog
1221	<>	b	829	829	16	835	1221	1220	f	f	pg_catalog
1222	<	b	829	829	16	831	1224	1225	f	f	pg_catalog
1223	<=	b	829	829	16	832	1225	1224	f	f	pg_catalog
1224	>	b	829	829	16	833	1222	1223	f	f	pg_catalog
1225	>=	b	829	829	16	834	1223	1222	f	f	pg_catalog
1226	~*	b	19	25	16	1240	0	1227	f	f	pg_catalog
1227	!~*	b	19	25	16	1241	0	1226	f	f	pg_catalog
1228	~*	b	25	25	16	1238	0	1229	f	f	pg_catalog
1229	!~*	b	25	25	16	1239	0	1228	f	f	pg_catalog
1234	~*	b	1042	25	16	1656	0	1235	f	f	pg_catalog
1235	!~*	b	1042	25	16	1657	0	1234	f	f	pg_catalog
1320	=	b	1184	1184	16	1152	1320	1321	t	t	pg_catalog
1321	<>	b	1184	1184	16	1153	1321	1320	f	f	pg_catalog
1322	<	b	1184	1184	16	1154	1324	1325	f	f	pg_catalog
1323	<=	b	1184	1184	16	1155	1325	1324	f	f	pg_catalog
1324	>	b	1184	1184	16	1157	1322	1323	f	f	pg_catalog
1325	>=	b	1184	1184	16	1156	1323	1322	f	f	pg_catalog
1327	+	b	1184	1186	1184	1189	2554	0	f	f	pg_catalog
1328	-	b	1184	1184	1186	1188	0	0	f	f	pg_catalog
1329	-	b	1184	1186	1184	1190	0	0	f	f	pg_catalog
1330	=	b	1186	1186	16	1162	1330	1331	t	t	pg_catalog
1331	<>	b	1186	1186	16	1163	1331	1330	f	f	pg_catalog
1332	<	b	1186	1186	16	1164	1334	1335	f	f	pg_catalog
1333	<=	b	1186	1186	16	1165	1335	1334	f	f	pg_catalog
1334	>	b	1186	1186	16	1167	1332	1333	f	f	pg_catalog
1335	>=	b	1186	1186	16	1166	1333	1332	f	f	pg_catalog
1336	-	l	0	1186	1186	1168	0	0	f	f	pg_catalog
1337	+	b	1186	1186	1186	1169	1337	0	f	f	pg_catalog
1338	-	b	1186	1186	1186	1170	0	0	f	f	pg_catalog
1360	+	b	1082	1083	1114	1272	1363	0	f	f	pg_catalog
1361	+	b	1082	1266	1184	1297	1366	0	f	f	pg_catalog
1363	+	b	1083	1082	1114	1296	1360	0	f	f	pg_catalog
1366	+	b	1266	1082	1184	1298	1361	0	f	f	pg_catalog
1383	<->	b	604	718	701	785	1523	0	f	f	pg_catalog
1399	-	b	1083	1083	1186	1690	0	0	f	f	pg_catalog
1420	@@	l	0	718	600	1472	0	0	f	f	pg_catalog
1500	=	b	718	718	16	1462	1500	1501	f	f	pg_catalog
1501	<>	b	718	718	16	1463	1501	1500	f	f	pg_catalog
1502	<	b	718	718	16	1464	1503	1505	f	f	pg_catalog
1503	>	b	718	718	16	1465	1502	1504	f	f	pg_catalog
1504	<=	b	718	718	16	1466	1505	1503	f	f	pg_catalog
1505	>=	b	718	718	16	1467	1504	1502	f	f	pg_catalog
1506	<<	b	718	718	16	1454	0	0	f	f	pg_catalog
1507	&<	b	718	718	16	1455	0	0	f	f	pg_catalog
1508	&>	b	718	718	16	1456	0	0	f	f	pg_catalog
1509	>>	b	718	718	16	1457	0	0	f	f	pg_catalog
1510	<@	b	718	718	16	1458	1511	0	f	f	pg_catalog
1511	@>	b	718	718	16	1453	1510	0	f	f	pg_catalog
1512	~=	b	718	718	16	1452	1512	0	f	f	pg_catalog
1513	&&	b	718	718	16	1459	1513	0	f	f	pg_catalog
1514	|>>	b	718	718	16	1461	0	0	f	f	pg_catalog
1515	<<|	b	718	718	16	1460	0	0	f	f	pg_catalog
1516	+	b	718	600	718	1146	0	0	f	f	pg_catalog
1517	-	b	718	600	718	1147	0	0	f	f	pg_catalog
1518	*	b	718	600	718	1148	0	0	f	f	pg_catalog
1519	/	b	718	600	718	1149	0	0	f	f	pg_catalog
1520	<->	b	718	718	701	1471	1520	0	f	f	pg_catalog
1521	#	l	0	604	23	1445	0	0	f	f	pg_catalog
1522	<->	b	600	718	701	1476	3291	0	f	f	pg_catalog
1523	<->	b	718	604	701	728	1383	0	f	f	pg_catalog
1525	?#	b	601	601	16	994	1525	0	f	f	pg_catalog
1526	?||	b	601	601	16	995	1526	0	f	f	pg_catalog
1527	?-|	b	601	601	16	996	1527	0	f	f	pg_catalog
1528	?-	l	0	601	16	998	0	0	f	f	pg_catalog
1529	?|	l	0	601	16	997	0	0	f	f	pg_catalog
1535	=	b	601	601	16	999	1535	1586	f	f	pg_catalog
1536	#	b	601	601	600	362	1536	0	f	f	pg_catalog
1537	?#	b	601	628	16	277	0	0	f	f	pg_catalog
1538	?#	b	601	603	16	373	0	0	f	f	pg_catalog
1539	?#	b	628	603	16	278	0	0	f	f	pg_catalog
1546	<@	b	600	628	16	959	0	0	f	f	pg_catalog
1547	<@	b	600	601	16	369	0	0	f	f	pg_catalog
1548	<@	b	601	628	16	960	0	0	f	f	pg_catalog
1549	<@	b	601	603	16	372	0	0	f	f	pg_catalog
1550	=	b	1266	1266	16	1352	1550	1551	t	t	pg_catalog
1551	<>	b	1266	1266	16	1353	1551	1550	f	f	pg_catalog
1552	<	b	1266	1266	16	1354	1554	1555	f	f	pg_catalog
1553	<=	b	1266	1266	16	1355	1555	1554	f	f	pg_catalog
1554	>	b	1266	1266	16	1357	1552	1553	f	f	pg_catalog
1555	>=	b	1266	1266	16	1356	1553	1552	f	f	pg_catalog
1557	##	b	600	628	600	961	0	0	f	f	pg_catalog
1558	##	b	600	601	600	366	0	0	f	f	pg_catalog
1559	##	b	600	603	600	367	0	0	f	f	pg_catalog
1567	##	b	601	603	600	368	0	0	f	f	pg_catalog
1577	##	b	628	601	600	1488	0	0	f	f	pg_catalog
1578	##	b	601	601	600	1489	0	0	f	f	pg_catalog
1583	*	b	1186	701	1186	1618	1584	0	f	f	pg_catalog
1584	*	b	701	1186	1186	1624	1583	0	f	f	pg_catalog
1585	/	b	1186	701	1186	1326	0	0	f	f	pg_catalog
1586	<>	b	601	601	16	1482	1586	1535	f	f	pg_catalog
1587	<	b	601	601	16	1483	1589	1590	f	f	pg_catalog
1588	<=	b	601	601	16	1484	1590	1589	f	f	pg_catalog
1589	>	b	601	601	16	1485	1587	1588	f	f	pg_catalog
1590	>=	b	601	601	16	1486	1588	1587	f	f	pg_catalog
1591	@-@	l	0	601	701	1487	0	0	f	f	pg_catalog
1611	?#	b	628	628	16	1495	1611	0	f	f	pg_catalog
1612	?||	b	628	628	16	1496	1612	0	f	f	pg_catalog
1613	?-|	b	628	628	16	1497	1613	0	f	f	pg_catalog
1614	?-	l	0	628	16	1499	0	0	f	f	pg_catalog
1615	?|	l	0	628	16	1498	0	0	f	f	pg_catalog
1616	=	b	628	628	16	1492	1616	0	f	f	pg_catalog
1617	#	b	628	628	600	1494	1617	0	f	f	pg_catalog
1625	~~*	b	19	25	16	1635	0	1626	f	f	pg_catalog
1626	!~~*	b	19	25	16	1636	0	1625	f	f	pg_catalog
1627	~~*	b	25	25	16	1633	0	1628	f	f	pg_catalog
1628	!~~*	b	25	25	16	1634	0	1627	f	f	pg_catalog
1629	~~*	b	1042	25	16	1660	0	1630	f	f	pg_catalog
1630	!~~*	b	1042	25	16	1661	0	1629	f	f	pg_catalog
1694	<=	b	16	16	16	1691	1695	59	f	f	pg_catalog
1695	>=	b	16	16	16	1692	1694	58	f	f	pg_catalog
1751	-	l	0	1700	1700	1771	0	0	f	f	pg_catalog
1752	=	b	1700	1700	16	1718	1752	1753	t	t	pg_catalog
1753	<>	b	1700	1700	16	1719	1753	1752	f	f	pg_catalog
1754	<	b	1700	1700	16	1722	1756	1757	f	f	pg_catalog
1755	<=	b	1700	1700	16	1723	1757	1756	f	f	pg_catalog
1756	>	b	1700	1700	16	1720	1754	1755	f	f	pg_catalog
1757	>=	b	1700	1700	16	1721	1755	1754	f	f	pg_catalog
1758	+	b	1700	1700	1700	1724	1758	0	f	f	pg_catalog
1759	-	b	1700	1700	1700	1725	0	0	f	f	pg_catalog
1760	*	b	1700	1700	1700	1726	1760	0	f	f	pg_catalog
1761	/	b	1700	1700	1700	1727	0	0	f	f	pg_catalog
1762	%	b	1700	1700	1700	1729	0	0	f	f	pg_catalog
1763	@	l	0	1700	1700	1704	0	0	f	f	pg_catalog
1784	=	b	1560	1560	16	1581	1784	1785	t	f	pg_catalog
1785	<>	b	1560	1560	16	1582	1785	1784	f	f	pg_catalog
1786	<	b	1560	1560	16	1595	1787	1789	f	f	pg_catalog
1787	>	b	1560	1560	16	1593	1786	1788	f	f	pg_catalog
1788	<=	b	1560	1560	16	1594	1789	1787	f	f	pg_catalog
1789	>=	b	1560	1560	16	1592	1788	1786	f	f	pg_catalog
1791	&	b	1560	1560	1560	1673	1791	0	f	f	pg_catalog
1792	|	b	1560	1560	1560	1674	1792	0	f	f	pg_catalog
1793	#	b	1560	1560	1560	1675	1793	0	f	f	pg_catalog
1794	~	l	0	1560	1560	1676	0	0	f	f	pg_catalog
1795	<<	b	1560	23	1560	1677	0	0	f	f	pg_catalog
1796	>>	b	1560	23	1560	1678	0	0	f	f	pg_catalog
1797	||	b	1562	1562	1562	1679	0	0	f	f	pg_catalog
1800	+	b	1083	1186	1083	1747	1849	0	f	f	pg_catalog
1801	-	b	1083	1186	1083	1748	0	0	f	f	pg_catalog
1802	+	b	1266	1186	1266	1749	2552	0	f	f	pg_catalog
1803	-	b	1266	1186	1266	1750	0	0	f	f	pg_catalog
1804	=	b	1562	1562	16	1666	1804	1805	t	f	pg_catalog
1805	<>	b	1562	1562	16	1667	1805	1804	f	f	pg_catalog
1806	<	b	1562	1562	16	1671	1807	1809	f	f	pg_catalog
1807	>	b	1562	1562	16	1669	1806	1808	f	f	pg_catalog
1808	<=	b	1562	1562	16	1670	1809	1807	f	f	pg_catalog
1809	>=	b	1562	1562	16	1668	1808	1806	f	f	pg_catalog
1849	+	b	1186	1083	1083	1848	1800	0	f	f	pg_catalog
1862	=	b	21	20	16	1850	1868	1863	t	t	pg_catalog
1863	<>	b	21	20	16	1851	1869	1862	f	f	pg_catalog
1864	<	b	21	20	16	1852	1871	1867	f	f	pg_catalog
1865	>	b	21	20	16	1853	1870	1866	f	f	pg_catalog
1866	<=	b	21	20	16	1854	1873	1865	f	f	pg_catalog
1867	>=	b	21	20	16	1855	1872	1864	f	f	pg_catalog
1868	=	b	20	21	16	1856	1862	1869	t	t	pg_catalog
1869	<>	b	20	21	16	1857	1863	1868	f	f	pg_catalog
1870	<	b	20	21	16	1858	1865	1873	f	f	pg_catalog
1871	>	b	20	21	16	1859	1864	1872	f	f	pg_catalog
1872	<=	b	20	21	16	1860	1867	1871	f	f	pg_catalog
1873	>=	b	20	21	16	1861	1866	1870	f	f	pg_catalog
1874	&	b	21	21	21	1892	1874	0	f	f	pg_catalog
1875	|	b	21	21	21	1893	1875	0	f	f	pg_catalog
1876	#	b	21	21	21	1894	1876	0	f	f	pg_catalog
1877	~	l	0	21	21	1895	0	0	f	f	pg_catalog
1878	<<	b	21	23	21	1896	0	0	f	f	pg_catalog
1879	>>	b	21	23	21	1897	0	0	f	f	pg_catalog
1880	&	b	23	23	23	1898	1880	0	f	f	pg_catalog
1881	|	b	23	23	23	1899	1881	0	f	f	pg_catalog
1882	#	b	23	23	23	1900	1882	0	f	f	pg_catalog
1883	~	l	0	23	23	1901	0	0	f	f	pg_catalog
1884	<<	b	23	23	23	1902	0	0	f	f	pg_catalog
1885	>>	b	23	23	23	1903	0	0	f	f	pg_catalog
1886	&	b	20	20	20	1904	1886	0	f	f	pg_catalog
1887	|	b	20	20	20	1905	1887	0	f	f	pg_catalog
1888	#	b	20	20	20	1906	1888	0	f	f	pg_catalog
1889	~	l	0	20	20	1907	0	0	f	f	pg_catalog
1890	<<	b	20	23	20	1908	0	0	f	f	pg_catalog
1891	>>	b	20	23	20	1909	0	0	f	f	pg_catalog
1916	+	l	0	20	20	1910	0	0	f	f	pg_catalog
1917	+	l	0	21	21	1911	0	0	f	f	pg_catalog
1918	+	l	0	23	23	1912	0	0	f	f	pg_catalog
1919	+	l	0	700	700	1913	0	0	f	f	pg_catalog
1920	+	l	0	701	701	1914	0	0	f	f	pg_catalog
1921	+	l	0	1700	1700	1915	0	0	f	f	pg_catalog
1955	=	b	17	17	16	1948	1955	1956	t	t	pg_catalog
1956	<>	b	17	17	16	1953	1956	1955	f	f	pg_catalog
1957	<	b	17	17	16	1949	1959	1960	f	f	pg_catalog
1958	<=	b	17	17	16	1950	1960	1959	f	f	pg_catalog
1959	>	b	17	17	16	1951	1957	1958	f	f	pg_catalog
1960	>=	b	17	17	16	1952	1958	1957	f	f	pg_catalog
2016	~~	b	17	17	16	2005	0	2017	f	f	pg_catalog
2017	!~~	b	17	17	16	2006	0	2016	f	f	pg_catalog
2018	||	b	17	17	17	2011	0	0	f	f	pg_catalog
2060	=	b	1114	1114	16	2052	2060	2061	t	t	pg_catalog
2061	<>	b	1114	1114	16	2053	2061	2060	f	f	pg_catalog
2062	<	b	1114	1114	16	2054	2064	2065	f	f	pg_catalog
2063	<=	b	1114	1114	16	2055	2065	2064	f	f	pg_catalog
2064	>	b	1114	1114	16	2057	2062	2063	f	f	pg_catalog
2065	>=	b	1114	1114	16	2056	2063	2062	f	f	pg_catalog
2066	+	b	1114	1186	1114	2032	2553	0	f	f	pg_catalog
2067	-	b	1114	1114	1186	2031	0	0	f	f	pg_catalog
2068	-	b	1114	1186	1114	2033	0	0	f	f	pg_catalog
2314	~<~	b	25	25	16	2160	2318	2317	f	f	pg_catalog
2315	~<=~	b	25	25	16	2161	2317	2318	f	f	pg_catalog
2317	~>=~	b	25	25	16	2163	2315	2314	f	f	pg_catalog
2318	~>~	b	25	25	16	2164	2314	2315	f	f	pg_catalog
2326	~<~	b	1042	1042	16	2174	2330	2329	f	f	pg_catalog
2327	~<=~	b	1042	1042	16	2175	2329	2330	f	f	pg_catalog
2329	~>=~	b	1042	1042	16	2177	2327	2326	f	f	pg_catalog
2330	~>~	b	1042	1042	16	2178	2326	2327	f	f	pg_catalog
2345	<	b	1082	1114	16	2338	2375	2348	f	f	pg_catalog
2346	<=	b	1082	1114	16	2339	2374	2349	f	f	pg_catalog
2347	=	b	1082	1114	16	2340	2373	2350	t	f	pg_catalog
2348	>=	b	1082	1114	16	2342	2372	2345	f	f	pg_catalog
2349	>	b	1082	1114	16	2341	2371	2346	f	f	pg_catalog
2350	<>	b	1082	1114	16	2343	2376	2347	f	f	pg_catalog
2358	<	b	1082	1184	16	2351	2388	2361	f	f	pg_catalog
2359	<=	b	1082	1184	16	2352	2387	2362	f	f	pg_catalog
2360	=	b	1082	1184	16	2353	2386	2363	t	f	pg_catalog
2361	>=	b	1082	1184	16	2355	2385	2358	f	f	pg_catalog
2362	>	b	1082	1184	16	2354	2384	2359	f	f	pg_catalog
2363	<>	b	1082	1184	16	2356	2389	2360	f	f	pg_catalog
2371	<	b	1114	1082	16	2364	2349	2374	f	f	pg_catalog
2372	<=	b	1114	1082	16	2365	2348	2375	f	f	pg_catalog
2373	=	b	1114	1082	16	2366	2347	2376	t	f	pg_catalog
2374	>=	b	1114	1082	16	2368	2346	2371	f	f	pg_catalog
2375	>	b	1114	1082	16	2367	2345	2372	f	f	pg_catalog
2376	<>	b	1114	1082	16	2369	2350	2373	f	f	pg_catalog
2384	<	b	1184	1082	16	2377	2362	2387	f	f	pg_catalog
2385	<=	b	1184	1082	16	2378	2361	2388	f	f	pg_catalog
2386	=	b	1184	1082	16	2379	2360	2389	t	f	pg_catalog
2387	>=	b	1184	1082	16	2381	2359	2384	f	f	pg_catalog
2388	>	b	1184	1082	16	2380	2358	2385	f	f	pg_catalog
2389	<>	b	1184	1082	16	2382	2363	2386	f	f	pg_catalog
2534	<	b	1114	1184	16	2520	2544	2537	f	f	pg_catalog
2535	<=	b	1114	1184	16	2521	2543	2538	f	f	pg_catalog
2536	=	b	1114	1184	16	2522	2542	2539	t	f	pg_catalog
2537	>=	b	1114	1184	16	2524	2541	2534	f	f	pg_catalog
2538	>	b	1114	1184	16	2523	2540	2535	f	f	pg_catalog
2539	<>	b	1114	1184	16	2525	2545	2536	f	f	pg_catalog
2540	<	b	1184	1114	16	2527	2538	2543	f	f	pg_catalog
2541	<=	b	1184	1114	16	2528	2537	2544	f	f	pg_catalog
2542	=	b	1184	1114	16	2529	2536	2545	t	f	pg_catalog
2543	>=	b	1184	1114	16	2531	2535	2540	f	f	pg_catalog
2544	>	b	1184	1114	16	2530	2534	2541	f	f	pg_catalog
2545	<>	b	1184	1114	16	2532	2539	2542	f	f	pg_catalog
2551	+	b	1186	1082	1114	2546	1076	0	f	f	pg_catalog
2552	+	b	1186	1266	1266	2547	1802	0	f	f	pg_catalog
2553	+	b	1186	1114	1114	2548	2066	0	f	f	pg_catalog
2554	+	b	1186	1184	1184	2549	1327	0	f	f	pg_catalog
2555	+	b	23	1082	1082	2550	1100	0	f	f	pg_catalog
2570	<<|	b	603	603	16	2562	0	0	f	f	pg_catalog
2571	&<|	b	603	603	16	2563	0	0	f	f	pg_catalog
2572	|&>	b	603	603	16	2564	0	0	f	f	pg_catalog
2573	|>>	b	603	603	16	2565	0	0	f	f	pg_catalog
2574	<<|	b	604	604	16	2566	0	0	f	f	pg_catalog
2575	&<|	b	604	604	16	2567	0	0	f	f	pg_catalog
2576	|&>	b	604	604	16	2568	0	0	f	f	pg_catalog
2577	|>>	b	604	604	16	2569	0	0	f	f	pg_catalog
2589	&<|	b	718	718	16	2587	0	0	f	f	pg_catalog
2590	|&>	b	718	718	16	2588	0	0	f	f	pg_catalog
2634	~	l	0	869	869	2627	0	0	f	f	pg_catalog
2635	&	b	869	869	869	2628	0	0	f	f	pg_catalog
2636	|	b	869	869	869	2629	0	0	f	f	pg_catalog
2637	+	b	869	20	869	2630	2638	0	f	f	pg_catalog
2638	+	b	20	869	869	2631	2637	0	f	f	pg_catalog
2639	-	b	869	20	869	2632	0	0	f	f	pg_catalog
2640	-	b	869	869	20	2633	0	0	f	f	pg_catalog
2750	&&	b	2277	2277	16	2747	2750	0	f	f	pg_catalog
2751	@>	b	2277	2277	16	2748	2752	0	f	f	pg_catalog
2752	<@	b	2277	2277	16	2749	2751	0	f	f	pg_catalog
2779	||	b	25	2776	25	2003	0	0	f	f	pg_catalog
2780	||	b	2776	25	25	2004	0	0	f	f	pg_catalog
2799	<	b	27	27	16	2791	2800	2802	f	f	pg_catalog
2800	>	b	27	27	16	2790	2799	2801	f	f	pg_catalog
2801	<=	b	27	27	16	2793	2802	2800	f	f	pg_catalog
2802	>=	b	27	27	16	2792	2801	2799	f	f	pg_catalog
2860	=	b	4537	4537	16	4244	2860	2861	t	t	pg_catalog
2861	<>	b	4537	4537	16	4245	2861	2860	f	f	pg_catalog
2862	<	b	4537	4537	16	4274	2865	2864	f	f	pg_catalog
2863	<=	b	4537	4537	16	4275	2864	2865	f	f	pg_catalog
2864	>=	b	4537	4537	16	4276	2863	2862	f	f	pg_catalog
2865	>	b	4537	4537	16	4277	2862	2863	f	f	pg_catalog
2866	&&	b	3831	4537	16	4246	2867	0	f	f	pg_catalog
2867	&&	b	4537	3831	16	4247	2866	0	f	f	pg_catalog
2868	&&	b	4537	4537	16	4248	2868	0	f	f	pg_catalog
2869	@>	b	4537	2283	16	4249	2872	0	f	f	pg_catalog
2870	@>	b	4537	3831	16	4250	2873	0	f	f	pg_catalog
2871	@>	b	4537	4537	16	4251	2874	0	f	f	pg_catalog
2872	<@	b	2283	4537	16	4252	2869	0	f	f	pg_catalog
2873	<@	b	3831	4537	16	4253	2870	0	f	f	pg_catalog
2874	<@	b	4537	4537	16	4254	2871	0	f	f	pg_catalog
2875	&<	b	3831	4537	16	4264	0	0	f	f	pg_catalog
2876	&<	b	4537	3831	16	4265	0	0	f	f	pg_catalog
2877	&<	b	4537	4537	16	4266	0	0	f	f	pg_catalog
2972	=	b	2950	2950	16	2956	2972	2973	t	t	pg_catalog
2973	<>	b	2950	2950	16	2959	2973	2972	f	f	pg_catalog
2974	<	b	2950	2950	16	2954	2975	2977	f	f	pg_catalog
2975	>	b	2950	2950	16	2958	2974	2976	f	f	pg_catalog
2976	<=	b	2950	2950	16	2955	2977	2975	f	f	pg_catalog
2977	>=	b	2950	2950	16	2957	2976	2974	f	f	pg_catalog
2988	=	b	2249	2249	16	2981	2988	2989	t	t	pg_catalog
2989	<>	b	2249	2249	16	2982	2989	2988	f	f	pg_catalog
2990	<	b	2249	2249	16	2983	2991	2993	f	f	pg_catalog
2991	>	b	2249	2249	16	2984	2990	2992	f	f	pg_catalog
2992	<=	b	2249	2249	16	2985	2993	2991	f	f	pg_catalog
2993	>=	b	2249	2249	16	2986	2992	2990	f	f	pg_catalog
3147	~	l	0	829	829	3144	0	0	f	f	pg_catalog
3148	&	b	829	829	829	3145	0	0	f	f	pg_catalog
3149	|	b	829	829	829	3146	0	0	f	f	pg_catalog
3188	*=	b	2249	2249	16	3181	3188	3189	t	f	pg_catalog
3189	*<>	b	2249	2249	16	3182	3189	3188	f	f	pg_catalog
3190	*<	b	2249	2249	16	3183	3191	3193	f	f	pg_catalog
3191	*>	b	2249	2249	16	3184	3190	3192	f	f	pg_catalog
3192	*<=	b	2249	2249	16	3185	3193	3191	f	f	pg_catalog
3193	*>=	b	2249	2249	16	3186	3192	3190	f	f	pg_catalog
3206	#>>	b	3802	1009	25	3940	0	0	f	f	pg_catalog
3211	->	b	3802	25	3802	3478	0	0	f	f	pg_catalog
3212	->	b	3802	23	3802	3215	0	0	f	f	pg_catalog
3213	#>	b	3802	1009	3802	3217	0	0	f	f	pg_catalog
3222	=	b	3220	3220	16	3233	3222	3223	t	t	pg_catalog
3223	<>	b	3220	3220	16	3236	3223	3222	f	f	pg_catalog
3224	<	b	3220	3220	16	3231	3225	3227	f	f	pg_catalog
3225	>	b	3220	3220	16	3235	3224	3226	f	f	pg_catalog
3226	<=	b	3220	3220	16	3232	3227	3225	f	f	pg_catalog
3227	>=	b	3220	3220	16	3234	3226	3224	f	f	pg_catalog
3228	-	b	3220	3220	1700	3237	0	0	f	f	pg_catalog
3240	=	b	3802	3802	16	4043	3240	3241	t	t	pg_catalog
3241	<>	b	3802	3802	16	4038	3241	3240	f	f	pg_catalog
3242	<	b	3802	3802	16	4039	3243	3245	f	f	pg_catalog
3243	>	b	3802	3802	16	4040	3242	3244	f	f	pg_catalog
3244	<=	b	3802	3802	16	4041	3245	3243	f	f	pg_catalog
3245	>=	b	3802	3802	16	4042	3244	3242	f	f	pg_catalog
3246	@>	b	3802	3802	16	4046	3250	0	f	f	pg_catalog
3247	?	b	3802	25	16	4047	0	0	f	f	pg_catalog
3248	?|	b	3802	1009	16	4048	0	0	f	f	pg_catalog
3249	?&	b	3802	1009	16	4049	0	0	f	f	pg_catalog
3250	<@	b	3802	3802	16	4050	3246	0	f	f	pg_catalog
3276	<->	b	600	604	701	3275	3289	0	f	f	pg_catalog
3284	||	b	3802	3802	3802	3301	0	0	f	f	pg_catalog
3285	-	b	3802	25	3802	3302	0	0	f	f	pg_catalog
3286	-	b	3802	23	3802	3303	0	0	f	f	pg_catalog
3287	#-	b	3802	1009	3802	3304	0	0	f	f	pg_catalog
3289	<->	b	604	600	701	3292	3276	0	f	f	pg_catalog
3291	<->	b	718	600	701	3290	1522	0	f	f	pg_catalog
3315	<>	b	28	28	16	3308	3315	352	f	f	pg_catalog
3316	<>	b	28	23	16	3309	0	353	f	f	pg_catalog
3346	*	b	790	20	790	3344	3349	0	f	f	pg_catalog
3347	/	b	790	20	790	3345	0	0	f	f	pg_catalog
3349	*	b	20	790	790	3399	3346	0	f	f	pg_catalog
3362	=	b	774	774	16	4113	3362	3363	t	t	pg_catalog
3363	<>	b	774	774	16	4118	3363	3362	f	f	pg_catalog
3364	<	b	774	774	16	4114	3366	3367	f	f	pg_catalog
3365	<=	b	774	774	16	4115	3367	3366	f	f	pg_catalog
3366	>	b	774	774	16	4116	3364	3365	f	f	pg_catalog
3367	>=	b	774	774	16	4117	3365	3364	f	f	pg_catalog
3368	~	l	0	774	774	4120	0	0	f	f	pg_catalog
3369	&	b	774	774	774	4121	0	0	f	f	pg_catalog
3370	|	b	774	774	774	4122	0	0	f	f	pg_catalog
3398	-	b	3802	1009	3802	3343	0	0	f	f	pg_catalog
3477	->>	b	3802	25	25	3214	0	0	f	f	pg_catalog
3481	->>	b	3802	23	25	3216	0	0	f	f	pg_catalog
3516	=	b	3500	3500	16	3508	3516	3517	t	t	pg_catalog
3517	<>	b	3500	3500	16	3509	3517	3516	f	f	pg_catalog
3518	<	b	3500	3500	16	3510	3519	3521	f	f	pg_catalog
3519	>	b	3500	3500	16	3511	3518	3520	f	f	pg_catalog
3520	<=	b	3500	3500	16	3512	3521	3519	f	f	pg_catalog
3521	>=	b	3500	3500	16	3513	3520	3518	f	f	pg_catalog
3552	&&	b	869	869	16	3551	3552	0	f	f	pg_catalog
3585	&>	b	3831	4537	16	4267	0	0	f	f	pg_catalog
3627	<	b	3614	3614	16	3616	3632	3631	f	f	pg_catalog
3628	<=	b	3614	3614	16	3617	3631	3632	f	f	pg_catalog
3629	=	b	3614	3614	16	3618	3629	3630	t	f	pg_catalog
3630	<>	b	3614	3614	16	3619	3630	3629	f	f	pg_catalog
3631	>=	b	3614	3614	16	3620	3628	3627	f	f	pg_catalog
3632	>	b	3614	3614	16	3621	3627	3628	f	f	pg_catalog
3633	||	b	3614	3614	3614	3625	0	0	f	f	pg_catalog
3636	@@	b	3614	3615	16	3634	3637	0	f	f	pg_catalog
3637	@@	b	3615	3614	16	3635	3636	0	f	f	pg_catalog
3660	@@@	b	3614	3615	16	3634	3661	0	f	f	pg_catalog
3661	@@@	b	3615	3614	16	3635	3660	0	f	f	pg_catalog
3674	<	b	3615	3615	16	3662	3679	3678	f	f	pg_catalog
3675	<=	b	3615	3615	16	3663	3678	3679	f	f	pg_catalog
3676	=	b	3615	3615	16	3664	3676	3677	t	f	pg_catalog
3677	<>	b	3615	3615	16	3665	3677	3676	f	f	pg_catalog
3678	>=	b	3615	3615	16	3666	3675	3674	f	f	pg_catalog
3679	>	b	3615	3615	16	3667	3674	3675	f	f	pg_catalog
3680	&&	b	3615	3615	3615	3669	0	0	f	f	pg_catalog
3681	||	b	3615	3615	3615	3670	0	0	f	f	pg_catalog
3682	!!	l	0	3615	3615	3671	0	0	f	f	pg_catalog
3693	@>	b	3615	3615	16	3691	3694	0	f	f	pg_catalog
3694	<@	b	3615	3615	16	3692	3693	0	f	f	pg_catalog
3762	@@	b	25	25	16	3760	0	0	f	f	pg_catalog
3763	@@	b	25	3615	16	3761	0	0	f	f	pg_catalog
3825	/	b	790	790	701	3822	0	0	f	f	pg_catalog
3877	^@	b	25	25	16	3696	0	0	f	f	pg_catalog
3882	=	b	3831	3831	16	3855	3882	3883	t	t	pg_catalog
3883	<>	b	3831	3831	16	3856	3883	3882	f	f	pg_catalog
3884	<	b	3831	3831	16	3871	3887	3886	f	f	pg_catalog
3885	<=	b	3831	3831	16	3872	3886	3887	f	f	pg_catalog
3886	>=	b	3831	3831	16	3873	3885	3884	f	f	pg_catalog
3887	>	b	3831	3831	16	3874	3884	3885	f	f	pg_catalog
3888	&&	b	3831	3831	16	3857	3888	0	f	f	pg_catalog
3889	@>	b	3831	2283	16	3858	3891	0	f	f	pg_catalog
3890	@>	b	3831	3831	16	3859	3892	0	f	f	pg_catalog
3891	<@	b	2283	3831	16	3860	3889	0	f	f	pg_catalog
3892	<@	b	3831	3831	16	3861	3890	0	f	f	pg_catalog
3893	<<	b	3831	3831	16	3863	3894	0	f	f	pg_catalog
3894	>>	b	3831	3831	16	3864	3893	0	f	f	pg_catalog
3895	&<	b	3831	3831	16	3865	0	0	f	f	pg_catalog
3896	&>	b	3831	3831	16	3866	0	0	f	f	pg_catalog
3897	-|-	b	3831	3831	16	3862	3897	0	f	f	pg_catalog
3898	+	b	3831	3831	3831	3867	3898	0	f	f	pg_catalog
3899	-	b	3831	3831	3831	3869	0	0	f	f	pg_catalog
3900	*	b	3831	3831	3831	3868	3900	0	f	f	pg_catalog
3962	->	b	114	25	114	3947	0	0	f	f	pg_catalog
3963	->>	b	114	25	25	3948	0	0	f	f	pg_catalog
3964	->	b	114	23	114	3949	0	0	f	f	pg_catalog
3965	->>	b	114	23	25	3950	0	0	f	f	pg_catalog
3966	#>	b	114	1009	114	3951	0	0	f	f	pg_catalog
3967	#>>	b	114	1009	25	3953	0	0	f	f	pg_catalog
4012	@?	b	3802	4072	16	4010	0	0	f	f	pg_catalog
4013	@@	b	3802	4072	16	4011	0	0	f	f	pg_catalog
4035	&>	b	4537	3831	16	4268	0	0	f	f	pg_catalog
4142	&>	b	4537	4537	16	4269	0	0	f	f	pg_catalog
4161	|>>	b	600	600	16	131	0	0	f	f	pg_catalog
4162	<<|	b	600	600	16	134	0	0	f	f	pg_catalog
4179	-|-	b	3831	4537	16	4255	4180	0	f	f	pg_catalog
4180	-|-	b	4537	3831	16	4257	4179	0	f	f	pg_catalog
4198	-|-	b	4537	4537	16	4256	4198	0	f	f	pg_catalog
4392	+	b	4537	4537	4537	4270	4392	0	f	f	pg_catalog
4393	-	b	4537	4537	4537	4271	0	0	f	f	pg_catalog
4394	*	b	4537	4537	4537	4272	4394	0	f	f	pg_catalog
4395	<<	b	3831	4537	16	4258	4399	0	f	f	pg_catalog
4396	<<	b	4537	3831	16	4259	4398	0	f	f	pg_catalog
4397	<<	b	4537	4537	16	4260	4400	0	f	f	pg_catalog
4398	>>	b	3831	4537	16	4261	4396	0	f	f	pg_catalog
4399	>>	b	4537	3831	16	4262	4395	0	f	f	pg_catalog
4400	>>	b	4537	4537	16	4263	4397	0	f	f	pg_catalog
4539	@>	b	3831	4537	16	4541	4540	0	f	f	pg_catalog
4540	<@	b	4537	3831	16	4542	4539	0	f	f	pg_catalog
5005	<->	b	3615	3615	3615	5003	0	0	f	f	pg_catalog
5025	+	b	3220	1700	3220	5022	5026	0	f	f	pg_catalog
5026	+	b	1700	3220	3220	5023	5025	0	f	f	pg_catalog
5027	-	b	3220	1700	3220	5024	0	0	f	f	pg_catalog
5068	=	b	5069	5069	16	5084	5068	5072	t	t	pg_catalog
5072	<>	b	5069	5069	16	5085	5072	5068	f	f	pg_catalog
5073	<	b	5069	5069	16	5034	5074	5076	f	f	pg_catalog
5074	>	b	5069	5069	16	5035	5073	5075	f	f	pg_catalog
5075	<=	b	5069	5069	16	5036	5076	5074	f	f	pg_catalog
5076	>=	b	5069	5069	16	5037	5075	5073	f	f	pg_catalog
