16	bool	b	B	t	1	t	0	1000	0	0	-1	pg_catalog
17	bytea	b	U	f	-1	f	0	1001	0	0	-1	pg_catalog
18	char	b	Z	f	1	t	0	1002	0	0	-1	pg_catalog
19	name	b	S	f	64	f	18	1003	0	0	-1	pg_catalog
20	int8	b	N	f	8	t	0	1016	0	0	-1	pg_catalog
21	int2	b	N	f	2	t	0	1005	0	0	-1	pg_catalog
22	int2vector	b	A	f	-1	f	21	1006	0	0	-1	pg_catalog
23	int4	b	N	f	4	t	0	1007	0	0	-1	pg_catalog
24	regproc	b	N	f	4	t	0	1008	0	0	-1	pg_catalog
25	text	b	S	t	-1	f	0	1009	0	0	-1	pg_catalog
26	oid	b	N	t	4	t	0	1028	0	0	-1	pg_catalog
27	tid	b	U	f	6	f	0	1010	0	0	-1	pg_catalog
28	xid	b	U	f	4	t	0	1011	0	0	-1	pg_catalog
29	cid	b	U	f	4	t	0	1012	0	0	-1	pg_catalog
30	oidvector	b	A	f	-1	f	26	1013	0	0	-1	pg_catalog
32	pg_ddl_command	p	P	f	8	t	0	0	0	0	-1	pg_catalog
71	pg_type	c	C	f	-1	f	0	210	1247	0	-1	pg_catalog
75	pg_attribute	c	C	f	-1	f	0	270	1249	0	-1	pg_catalog
81	pg_proc	c	C	f	-1	f	0	272	1255	0	-1	pg_catalog
83	pg_class	c	C	f	-1	f	0	273	1259	0	-1	pg_catalog
114	json	b	U	f	-1	f	0	199	0	0	-1	pg_catalog
142	xml	b	U	f	-1	f	0	143	0	0	-1	pg_catalog
143	_xml	b	A	f	-1	f	142	0	0	0	-1	pg_catalog
194	pg_node_tree	b	Z	f	-1	f	0	0	0	0	-1	pg_catalog
199	_json	b	A	f	-1	f	114	0	0	0	-1	pg_catalog
210	_pg_type	b	A	f	-1	f	71	0	0	0	-1	pg_catalog
269	table_am_handler	p	P	f	4	t	0	0	0	0	-1	pg_catalog
270	_pg_attribute	b	A	f	-1	f	75	0	0	0	-1	pg_catalog
271	_xid8	b	A	f	-1	f	5069	0	0	0	-1	pg_catalog
272	_pg_proc	b	A	f	-1	f	81	0	0	0	-1	pg_catalog
273	_pg_class	b	A	f	-1	f	83	0	0	0	-1	pg_catalog
325	index_am_handler	p	P	f	4	t	0	0	0	0	-1	pg_catalog
600	point	b	G	f	16	f	701	1017	0	0	-1	pg_catalog
601	lseg	b	G	f	32	f	600	1018	0	0	-1	pg_catalog
602	path	b	G	f	-1	f	0	1019	0	0	-1	pg_catalog
603	box	b	G	f	32	f	600	1020	0	0	-1	pg_catalog
604	polygon	b	G	f	-1	f	0	1027	0	0	-1	pg_catalog
628	line	b	G	f	24	f	701	629	0	0	-1	pg_catalog
629	_line	b	A	f	-1	f	628	0	0	0	-1	pg_catalog
650	cidr	b	I	f	-1	f	0	651	0	0	-1	pg_catalog
651	_cidr	b	A	f	-1	f	650	0	0	0	-1	pg_catalog
700	float4	b	N	f	4	t	0	1021	0	0	-1	pg_catalog
701	float8	b	N	t	8	t	0	1022	0	0	-1	pg_catalog
705	unknown	p	X	f	-2	f	0	0	0	0	-1	pg_catalog
718	circle	b	G	f	24	f	0	719	0	0	-1	pg_catalog
719	_circle	b	A	f	-1	f	718	0	0	0	-1	pg_catalog
774	macaddr8	b	U	f	8	f	0	775	0	0	-1	pg_catalog
775	_macaddr8	b	A	f	-1	f	774	0	0	0	-1	pg_catalog
790	money	b	N	f	8	t	0	791	0	0	-1	pg_catalog
791	_money	b	A	f	-1	f	790	0	0	0	-1	pg_catalog
829	macaddr	b	U	f	6	f	0	1040	0	0	-1	pg_catalog
869	inet	b	I	t	-1	f	0	1041	0	0	-1	pg_catalog
1000	_bool	b	A	f	-1	f	16	0	0	0	-1	pg_catalog
1001	_bytea	b	A	f	-1	f	17	0	0	0	-1	pg_catalog
1002	_char	b	A	f	-1	f	18	0	0	0	-1	pg_catalog
1003	_name	b	A	f	-1	f	19	0	0	0	-1	pg_catalog
1005	_int2	b	A	f	-1	f	21	0	0	0	-1	pg_catalog
1006	_int2vector	b	A	f	-1	f	22	0	0	0	-1	pg_catalog
1007	_int4	b	A	f	-1	f	23	0	0	0	-1	pg_catalog
1008	_regproc	b	A	f	-1	f	24	0	0	0	-1	pg_catalog
1009	_text	b	A	f	-1	f	25	0	0	0	-1	pg_catalog
1010	_tid	b	A	f	-1	f	27	0	0	0	-1	pg_catalog
1011	_xid	b	A	f	-1	f	28	0	0	0	-1	pg_catalog
1012	_cid	b	A	f	-1	f	29	0	0	0	-1	pg_catalog
1013	_oidvector	b	A	f	-1	f	30	0	0	0	-1	pg_catalog
1014	_bpchar	b	A	f	-1	f	1042	0	0	0	-1	pg_catalog
1015	_varchar	b	A	f	-1	f	1043	0	0	0	-1	pg_catalog
1016	_int8	b	A	f	-1	f	20	0	0	0	-1	pg_catalog
1017	_point	b	A	f	-1	f	600	0	0	0	-1	pg_catalog
1018	_lseg	b	A	f	-1	f	601	0	0	0	-1	pg_catalog
1019	_path	b	A	f	-1	f	602	0	0	0	-1	pg_catalog
1020	_box	b	A	f	-1	f	603	0	0	0	-1	pg_catalog
1021	_float4	b	A	f	-1	f	700	0	0	0	-1	pg_catalog
1022	_float8	b	A	f	-1	f	701	0	0	0	-1	pg_catalog
1027	_polygon	b	A	f	-1	f	604	0	0	0	-1	pg_catalog
1028	_oid	b	A	f	-1	f	26	0	0	0	-1	pg_catalog
1033	aclitem	b	U	f	16	f	0	1034	0	0	-1	pg_catalog
1034	_aclitem	b	A	f	-1	f	1033	0	0	0	-1	pg_catalog
1040	_macaddr	b	A	f	-1	f	829	0	0	0	-1	pg_catalog
1041	_inet	b	A	f	-1	f	869	0	0	0	-1	pg_catalog
1042	bpchar	b	S	f	-1	f	0	1014	0	0	-1	pg_catalog
1043	varchar	b	S	f	-1	f	0	1015	0	0	-1	pg_catalog
1082	date	b	D	f	4	t	0	1182	0	0	-1	pg_catalog
1083	time	b	D	f	8	t	0	1183	0	0	-1	pg_catalog
1114	timestamp	b	D	f	8	t	0	1115	0	0	-1	pg_catalog
1115	_timestamp	b	A	f	-1	f	1114	0	0	0	-1	pg_catalog
1182	_date	b	A	f	-1	f	1082	0	0	0	-1	pg_catalog
1183	_time	b	A	f	-1	f	1083	0	0	0	-1	pg_catalog
1184	timestamptz	b	D	t	8	t	0	1185	0	0	-1	pg_catalog
1185	_timestamptz	b	A	f	-1	f	1184	0	0	0	-1	pg_catalog
1186	interval	b	T	t	16	f	0	1187	0	0	-1	pg_catalog
1187	_interval	b	A	f	-1	f	1186	0	0	0	-1	pg_catalog
1231	_numeric	b	A	f	-1	f	1700	0	0	0	-1	pg_catalog
1248	pg_database	c	C	f	-1	f	0	10052	1262	0	-1	pg_catalog
1263	_cstring	b	A	f	-1	f	2275	0	0	0	-1	pg_catalog
1266	timetz	b	D	f	12	f	0	1270	0	0	-1	pg_catalog
1270	_timetz	b	A	f	-1	f	1266	0	0	0	-1	pg_catalog
1560	bit	b	V	f	-1	f	0	1561	0	0	-1	pg_catalog
1561	_bit	b	A	f	-1	f	1560	0	0	0	-1	pg_catalog
1562	varbit	b	V	t	-1	f	0	1563	0	0	-1	pg_catalog
1563	_varbit	b	A	f	-1	f	1562	0	0	0	-1	pg_catalog
1700	numeric	b	N	f	-1	f	0	1231	0	0	-1	pg_catalog
1790	refcursor	b	U	f	-1	f	0	2201	0	0	-1	pg_catalog
2201	_refcursor	b	A	f	-1	f	1790	0	0	0	-1	pg_catalog
2202	regprocedure	b	N	f	4	t	0	2207	0	0	-1	pg_catalog
2203	regoper	b	N	f	4	t	0	2208	0	0	-1	pg_catalog
2204	regoperator	b	N	f	4	t	0	2209	0	0	-1	pg_catalog
2205	regclass	b	N	f	4	t	0	2210	0	0	-1	pg_catalog
2206	regtype	b	N	f	4	t	0	2211	0	0	-1	pg_catalog
2207	_regprocedure	b	A	f	-1	f	2202	0	0	0	-1	pg_catalog
2208	_regoper	b	A	f	-1	f	2203	0	0	0	-1	pg_catalog
2209	_regoperator	b	A	f	-1	f	2204	0	0	0	-1	pg_catalog
2210	_regclass	b	A	f	-1	f	2205	0	0	0	-1	pg_catalog
2211	_regtype	b	A	f	-1	f	2206	0	0	0	-1	pg_catalog
2249	record	p	P	f	-1	f	0	2287	0	0	-1	pg_catalog
2275	cstring	p	P	f	-2	f	0	1263	0	0	-1	pg_catalog
2276	any	p	P	f	4	t	0	0	0	0	-1	pg_catalog
2277	anyarray	p	P	f	-1	f	0	0	0	0	-1	pg_catalog
2278	void	p	P	f	4	t	0	0	0	0	-1	pg_catalog
2279	trigger	p	P	f	4	t	0	0	0	0	-1	pg_catalog
2280	language_handler	p	P	f	4	t	0	0	0	0	-1	pg_catalog
2281	internal	p	P	f	8	t	0	0	0	0	-1	pg_catalog
2283	anyelement	p	P	f	4	t	0	0	0	0	-1	pg_catalog
2287	_record	p	P	f	-1	f	2249	0	0	0	-1	pg_catalog
2776	anynonarray	p	P	f	4	t	0	0	0	0	-1	pg_catalog
2842	pg_authid	c	C	f	-1	f	0	10057	1260	0	-1	pg_catalog
2843	pg_auth_members	c	C	f	-1	f	0	10058	1261	0	-1	pg_catalog
2949	_txid_snapshot	b	A	f	-1	f	2970	0	0	0	-1	pg_catalog
2950	uuid	b	U	f	16	f	0	2951	0	0	-1	pg_catalog
2951	_uuid	b	A	f	-1	f	2950	0	0	0	-1	pg_catalog
2970	txid_snapshot	b	U	f	-1	f	0	2949	0	0	-1	pg_catalog
3115	fdw_handler	p	P	f	4	t	0	0	0	0	-1	pg_catalog
3220	pg_lsn	b	U	f	8	t	0	3221	0	0	-1	pg_catalog
3221	_pg_lsn	b	A	f	-1	f	3220	0	0	0	-1	pg_catalog
3310	tsm_handler	p	P	f	4	t	0	0	0	0	-1	pg_catalog
3361	pg_ndistinct	b	Z	f	-1	f	0	0	0	0	-1	pg_catalog
3402	pg_dependencies	b	Z	f	-1	f	0	0	0	0	-1	pg_catalog
3500	anyenum	p	P	f	4	t	0	0	0	0	-1	pg_catalog
3614	tsvector	b	U	f	-1	f	0	3643	0	0	-1	pg_catalog
3615	tsquery	b	U	f	-1	f	0	3645	0	0	-1	pg_catalog
3642	gtsvector	b	U	f	-1	f	0	3644	0	0	-1	pg_catalog
3643	_tsvector	b	A	f	-1	f	3614	0	0	0	-1	pg_catalog
3644	_gtsvector	b	A	f	-1	f	3642	0	0	0	-1	pg_catalog
3645	_tsquery	b	A	f	-1	f	3615	0	0	0	-1	pg_catalog
3734	regconfig	b	N	f	4	t	0	3735	0	0	-1	pg_catalog
3735	_regconfig	b	A	f	-1	f	3734	0	0	0	-1	pg_catalog
3769	regdictionary	b	N	f	4	t	0	3770	0	0	-1	pg_catalog
3770	_regdictionary	b	A	f	-1	f	3769	0	0	0	-1	pg_catalog
3802	jsonb	b	U	f	-1	f	0	3807	0	0	-1	pg_catalog
3807	_jsonb	b	A	f	-1	f	3802	0	0	0	-1	pg_catalog
3831	anyrange	p	P	f	-1	f	0	0	0	0	-1	pg_catalog
3838	event_trigger	p	P	f	4	t	0	0	0	0	-1	pg_catalog
3904	int4range	r	R	f	-1	f	0	3905	0	0	-1	pg_catalog
3905	_int4range	b	A	f	-1	f	3904	0	0	0	-1	pg_catalog
3906	numrange	r	R	f	-1	f	0	3907	0	0	-1	pg_catalog
3907	_numrange	b	A	f	-1	f	3906	0	0	0	-1	pg_catalog
3908	tsrange	r	R	f	-1	f	0	3909	0	0	-1	pg_catalog
3909	_tsrange	b	A	f	-1	f	3908	0	0	0	-1	pg_catalog
3910	tstzrange	r	R	f	-1	f	0	3911	0	0	-1	pg_catalog
3911	_tstzrange	b	A	f	-1	f	3910	0	0	0	-1	pg_catalog
3912	daterange	r	R	f	-1	f	0	3913	0	0	-1	pg_catalog
3913	_daterange	b	A	f	-1	f	3912	0	0	0	-1	pg_catalog
3926	int8range	r	R	f	-1	f	0	3927	0	0	-1	pg_catalog
3927	_int8range	b	A	f	-1	f	3926	0	0	0	-1	pg_catalog
4066	pg_shseclabel	c	C	f	-1	f	0	10093	3592	0	-1	pg_catalog
4072	jsonpath	b	U	f	-1	f	0	4073	0	0	-1	pg_catalog
4073	_jsonpath	b	A	f	-1	f	4072	0	0	0	-1	pg_catalog
4089	regnamespace	b	N	f	4	t	0	4090	0	0	-1	pg_catalog
4090	_regnamespace	b	A	f	-1	f	4089	0	0	0	-1	pg_catalog
4096	regrole	b	N	f	4	t	0	4097	0	0	-1	pg_catalog
4097	_regrole	b	A	f	-1	f	4096	0	0	0	-1	pg_catalog
4191	regcollation	b	N	f	4	t	0	4192	0	0	-1	pg_catalog
4192	_regcollation	b	A	f	-1	f	4191	0	0	0	-1	pg_catalog
4451	int4multirange	m	R	f	-1	f	0	6150	0	0	-1	pg_catalog
4532	nummultirange	m	R	f	-1	f	0	6151	0	0	-1	pg_catalog
4533	tsmultirange	m	R	f	-1	f	0	6152	0	0	-1	pg_catalog
4534	tstzmultirange	m	R	f	-1	f	0	6153	0	0	-1	pg_catalog
4535	datemultirange	m	R	f	-1	f	0	6155	0	0	-1	pg_catalog
4536	int8multirange	m	R	f	-1	f	0	6157	0	0	-1	pg_catalog
4537	anymultirange	p	P	f	-1	f	0	0	0	0	-1	pg_catalog
4538	anycompatiblemultirange	p	P	f	-1	f	0	0	0	0	-1	pg_catalog
4600	pg_brin_bloom_summary	b	Z	f	-1	f	0	0	0	0	-1	pg_catalog
4601	pg_brin_minmax_multi_summary	b	Z	f	-1	f	0	0	0	0	-1	pg_catalog
5017	pg_mcv_list	b	Z	f	-1	f	0	0	0	0	-1	pg_catalog
5038	pg_snapshot	b	U	f	-1	f	0	5039	0	0	-1	pg_catalog
5039	_pg_snapshot	b	A	f	-1	f	5038	0	0	0	-1	pg_catalog
5069	xid8	b	U	f	8	t	0	271	0	0	-1	pg_catalog
5077	anycompatible	p	P	f	4	t	0	0	0	0	-1	pg_catalog
5078	anycompatiblearray	p	P	f	-1	f	0	0	0	0	-1	pg_catalog
5079	anycompatiblenonarray	p	P	f	4	t	0	0	0	0	-1	pg_catalog
5080	anycompatiblerange	p	P	f	-1	f	0	0	0	0	-1	pg_catalog
6101	pg_subscription	c	C	f	-1	f	0	10112	6100	0	-1	pg_catalog
6150	_int4multirange	b	A	f	-1	f	4451	0	0	0	-1	pg_catalog
6151	_nummultirange	b	A	f	-1	f	4532	0	0	0	-1	pg_catalog
6152	_tsmultirange	b	A	f	-1	f	4533	0	0	0	-1	pg_catalog
6153	_tstzmultirange	b	A	f	-1	f	4534	0	0	0	-1	pg_catalog
6155	_datemultirange	b	A	f	-1	f	4535	0	0	0	-1	pg_catalog
6157	_int8multirange	b	A	f	-1	f	4536	0	0	0	-1	pg_catalog
10000	_pg_attrdef	b	A	f	-1	f	10001	0	0	0	-1	pg_catalog
10001	pg_attrdef	c	C	f	-1	f	0	10000	2604	0	-1	pg_catalog
10002	_pg_constraint	b	A	f	-1	f	10003	0	0	0	-1	pg_catalog
10003	pg_constraint	c	C	f	-1	f	0	10002	2606	0	-1	pg_catalog
10004	_pg_inherits	b	A	f	-1	f	10005	0	0	0	-1	pg_catalog
10005	pg_inherits	c	C	f	-1	f	0	10004	2611	0	-1	pg_catalog
10006	_pg_index	b	A	f	-1	f	10007	0	0	0	-1	pg_catalog
10007	pg_index	c	C	f	-1	f	0	10006	2610	0	-1	pg_catalog
10008	_pg_operator	b	A	f	-1	f	10009	0	0	0	-1	pg_catalog
10009	pg_operator	c	C	f	-1	f	0	10008	2617	0	-1	pg_catalog
10010	_pg_opfamily	b	A	f	-1	f	10011	0	0	0	-1	pg_catalog
10011	pg_opfamily	c	C	f	-1	f	0	10010	2753	0	-1	pg_catalog
10012	_pg_opclass	b	A	f	-1	f	10013	0	0	0	-1	pg_catalog
10013	pg_opclass	c	C	f	-1	f	0	10012	2616	0	-1	pg_catalog
10014	_pg_am	b	A	f	-1	f	10015	0	0	0	-1	pg_catalog
10015	pg_am	c	C	f	-1	f	0	10014	2601	0	-1	pg_catalog
10016	_pg_amop	b	A	f	-1	f	10017	0	0	0	-1	pg_catalog
10017	pg_amop	c	C	f	-1	f	0	10016	2602	0	-1	pg_catalog
10018	_pg_amproc	b	A	f	-1	f	10019	0	0	0	-1	pg_catalog
10019	pg_amproc	c	C	f	-1	f	0	10018	2603	0	-1	pg_catalog
10020	_pg_language	b	A	f	-1	f	10021	0	0	0	-1	pg_catalog
10021	pg_language	c	C	f	-1	f	0	10020	2612	0	-1	pg_catalog
10022	_pg_largeobject_metadata	b	A	f	-1	f	10023	0	0	0	-1	pg_catalog
10023	pg_largeobject_metadata	c	C	f	-1	f	0	10022	2995	0	-1	pg_catalog
10024	_pg_largeobject	b	A	f	-1	f	10025	0	0	0	-1	pg_catalog
10025	pg_largeobject	c	C	f	-1	f	0	10024	2613	0	-1	pg_catalog
10026	_pg_aggregate	b	A	f	-1	f	10027	0	0	0	-1	pg_catalog
10027	pg_aggregate	c	C	f	-1	f	0	10026	2600	0	-1	pg_catalog
10028	_pg_statistic	b	A	f	-1	f	10029	0	0	0	-1	pg_catalog
10029	pg_statistic	c	C	f	-1	f	0	10028	2619	0	-1	pg_catalog
10030	_pg_statistic_ext	b	A	f	-1	f	10031	0	0	0	-1	pg_catalog
10031	pg_statistic_ext	c	C	f	-1	f	0	10030	3381	0	-1	pg_catalog
10032	_pg_statistic_ext_data	b	A	f	-1	f	10033	0	0	0	-1	pg_catalog
10033	pg_statistic_ext_data	c	C	f	-1	f	0	10032	3429	0	-1	pg_catalog
10034	_pg_rewrite	b	A	f	-1	f	10035	0	0	0	-1	pg_catalog
10035	pg_rewrite	c	C	f	-1	f	0	10034	2618	0	-1	pg_catalog
10036	_pg_trigger	b	A	f	-1	f	10037	0	0	0	-1	pg_catalog
10037	pg_trigger	c	C	f	-1	f	0	10036	2620	0	-1	pg_catalog
10038	_pg_event_trigger	b	A	f	-1	f	10039	0	0	0	-1	pg_catalog
10039	pg_event_trigger	c	C	f	-1	f	0	10038	3466	0	-1	pg_catalog
10040	_pg_description	b	A	f	-1	f	10041	0	0	0	-1	pg_catalog
10041	pg_description	c	C	f	-1	f	0	10040	2609	0	-1	pg_catalog
10042	_pg_cast	b	A	f	-1	f	10043	0	0	0	-1	pg_catalog
10043	pg_cast	c	C	f	-1	f	0	10042	2605	0	-1	pg_catalog
10044	_pg_enum	b	A	f	-1	f	10045	0	0	0	-1	pg_catalog
10045	pg_enum	c	C	f	-1	f	0	10044	3501	0	-1	pg_catalog
10046	_pg_namespace	b	A	f	-1	f	10047	0	0	0	-1	pg_catalog
10047	pg_namespace	c	C	f	-1	f	0	10046	2615	0	-1	pg_catalog
10048	_pg_conversion	b	A	f	-1	f	10049	0	0	0	-1	pg_catalog
10049	pg_conversion	c	C	f	-1	f	0	10048	2607	0	-1	pg_catalog
10050	_pg_depend	b	A	f	-1	f	10051	0	0	0	-1	pg_catalog
10051	pg_depend	c	C	f	-1	f	0	10050	2608	0	-1	pg_catalog
10052	_pg_database	b	A	f	-1	f	1248	0	0	0	-1	pg_catalog
10053	_pg_db_role_setting	b	A	f	-1	f	10054	0	0	0	-1	pg_catalog
10054	pg_db_role_setting	c	C	f	-1	f	0	10053	2964	0	-1	pg_catalog
10055	_pg_tablespace	b	A	f	-1	f	10056	0	0	0	-1	pg_catalog
10056	pg_tablespace	c	C	f	-1	f	0	10055	1213	0	-1	pg_catalog
10057	_pg_authid	b	A	f	-1	f	2842	0	0	0	-1	pg_catalog
10058	_pg_auth_members	b	A	f	-1	f	2843	0	0	0	-1	pg_catalog
10059	_pg_shdepend	b	A	f	-1	f	10060	0	0	0	-1	pg_catalog
10060	pg_shdepend	c	C	f	-1	f	0	10059	1214	0	-1	pg_catalog
10061	_pg_shdescription	b	A	f	-1	f	10062	0	0	0	-1	pg_catalog
10062	pg_shdescription	c	C	f	-1	f	0	10061	2396	0	-1	pg_catalog
10063	_pg_ts_config	b	A	f	-1	f	10064	0	0	0	-1	pg_catalog
10064	pg_ts_config	c	C	f	-1	f	0	10063	3602	0	-1	pg_catalog
10065	_pg_ts_config_map	b	A	f	-1	f	10066	0	0	0	-1	pg_catalog
10066	pg_ts_config_map	c	C	f	-1	f	0	10065	3603	0	-1	pg_catalog
10067	_pg_ts_dict	b	A	f	-1	f	10068	0	0	0	-1	pg_catalog
10068	pg_ts_dict	c	C	f	-1	f	0	10067	3600	0	-1	pg_catalog
10069	_pg_ts_parser	b	A	f	-1	f	10070	0	0	0	-1	pg_catalog
10070	pg_ts_parser	c	C	f	-1	f	0	10069	3601	0	-1	pg_catalog
10071	_pg_ts_template	b	A	f	-1	f	10072	0	0	0	-1	pg_catalog
10072	pg_ts_template	c	C	f	-1	f	0	10071	3764	0	-1	pg_catalog
10073	_pg_extension	b	A	f	-1	f	10074	0	0	0	-1	pg_catalog
10074	pg_extension	c	C	f	-1	f	0	10073	3079	0	-1	pg_catalog
10075	_pg_foreign_data_wrapper	b	A	f	-1	f	10076	0	0	0	-1	pg_catalog
10076	pg_foreign_data_wrapper	c	C	f	-1	f	0	10075	2328	0	-1	pg_catalog
10077	_pg_foreign_server	b	A	f	-1	f	10078	0	0	0	-1	pg_catalog
10078	pg_foreign_server	c	C	f	-1	f	0	10077	1417	0	-1	pg_catalog
10079	_pg_user_mapping	b	A	f	-1	f	10080	0	0	0	-1	pg_catalog
10080	pg_user_mapping	c	C	f	-1	f	0	10079	1418	0	-1	pg_catalog
10081	_pg_foreign_table	b	A	f	-1	f	10082	0	0	0	-1	pg_catalog
10082	pg_foreign_table	c	C	f	-1	f	0	10081	3118	0	-1	pg_catalog
10083	_pg_policy	b	A	f	-1	f	10084	0	0	0	-1	pg_catalog
10084	pg_policy	c	C	f	-1	f	0	10083	3256	0	-1	pg_catalog
10085	_pg_replication_origin	b	A	f	-1	f	10086	0	0	0	-1	pg_catalog
10086	pg_replication_origin	c	C	f	-1	f	0	10085	6000	0	-1	pg_catalog
10087	_pg_default_acl	b	A	f	-1	f	10088	0	0	0	-1	pg_catalog
10088	pg_default_acl	c	C	f	-1	f	0	10087	826	0	-1	pg_catalog
10089	_pg_init_privs	b	A	f	-1	f	10090	0	0	0	-1	pg_catalog
10090	pg_init_privs	c	C	f	-1	f	0	10089	3394	0	-1	pg_catalog
10091	_pg_seclabel	b	A	f	-1	f	10092	0	0	0	-1	pg_catalog
10092	pg_seclabel	c	C	f	-1	f	0	10091	3596	0	-1	pg_catalog
10093	_pg_shseclabel	b	A	f	-1	f	4066	0	0	0	-1	pg_catalog
10094	_pg_collation	b	A	f	-1	f	10095	0	0	0	-1	pg_catalog
10095	pg_collation	c	C	f	-1	f	0	10094	3456	0	-1	pg_catalog
10096	_pg_parameter_acl	b	A	f	-1	f	10097	0	0	0	-1	pg_catalog
10097	pg_parameter_acl	c	C	f	-1	f	0	10096	6243	0	-1	pg_catalog
10098	_pg_partitioned_table	b	A	f	-1	f	10099	0	0	0	-1	pg_catalog
10099	pg_partitioned_table	c	C	f	-1	f	0	10098	3350	0	-1	pg_catalog
10100	_pg_range	b	A	f	-1	f	10101	0	0	0	-1	pg_catalog
10101	pg_range	c	C	f	-1	f	0	10100	3541	0	-1	pg_catalog
10102	_pg_transform	b	A	f	-1	f	10103	0	0	0	-1	pg_catalog
10103	pg_transform	c	C	f	-1	f	0	10102	3576	0	-1	pg_catalog
10104	_pg_sequence	b	A	f	-1	f	10105	0	0	0	-1	pg_catalog
10105	pg_sequence	c	C	f	-1	f	0	10104	2224	0	-1	pg_catalog
10106	_pg_publication	b	A	f	-1	f	10107	0	0	0	-1	pg_catalog
10107	pg_publication	c	C	f	-1	f	0	10106	6104	0	-1	pg_catalog
10108	_pg_publication_namespace	b	A	f	-1	f	10109	0	0	0	-1	pg_catalog
10109	pg_publication_namespace	c	C	f	-1	f	0	10108	6237	0	-1	pg_catalog
10110	_pg_publication_rel	b	A	f	-1	f	10111	0	0	0	-1	pg_catalog
10111	pg_publication_rel	c	C	f	-1	f	0	10110	6106	0	-1	pg_catalog
10112	_pg_subscription	b	A	f	-1	f	6101	0	0	0	-1	pg_catalog
10113	_pg_subscription_rel	b	A	f	-1	f	10114	0	0	0	-1	pg_catalog
10114	pg_subscription_rel	c	C	f	-1	f	0	10113	6102	0	-1	pg_catalog
12001	_pg_roles	b	A	f	-1	f	12002	0	0	0	-1	pg_catalog
12002	pg_roles	c	C	f	-1	f	0	12001	12000	0	-1	pg_catalog
12006	_pg_shadow	b	A	f	-1	f	12007	0	0	0	-1	pg_catalog
12007	pg_shadow	c	C	f	-1	f	0	12006	12005	0	-1	pg_catalog
12011	_pg_group	b	A	f	-1	f	12012	0	0	0	-1	pg_catalog
12012	pg_group	c	C	f	-1	f	0	12011	12010	0	-1	pg_catalog
12015	_pg_user	b	A	f	-1	f	12016	0	0	0	-1	pg_catalog
12016	pg_user	c	C	f	-1	f	0	12015	12014	0	-1	pg_catalog
12019	_pg_policies	b	A	f	-1	f	12020	0	0	0	-1	pg_catalog
12020	pg_policies	c	C	f	-1	f	0	12019	12018	0	-1	pg_catalog
12024	_pg_rules	b	A	f	-1	f	12025	0	0	0	-1	pg_catalog
12025	pg_rules	c	C	f	-1	f	0	12024	12023	0	-1	pg_catalog
12029	_pg_views	b	A	f	-1	f	12030	0	0	0	-1	pg_catalog
12030	pg_views	c	C	f	-1	f	0	12029	12028	0	-1	pg_catalog
12034	_pg_tables	b	A	f	-1	f	12035	0	0	0	-1	pg_catalog
12035	pg_tables	c	C	f	-1	f	0	12034	12033	0	-1	pg_catalog
12039	_pg_matviews	b	A	f	-1	f	12040	0	0	0	-1	pg_catalog
12040	pg_matviews	c	C	f	-1	f	0	12039	12038	0	-1	pg_catalog
12044	_pg_indexes	b	A	f	-1	f	12045	0	0	0	-1	pg_catalog
12045	pg_indexes	c	C	f	-1	f	0	12044	12043	0	-1	pg_catalog
12049	_pg_sequences	b	A	f	-1	f	12050	0	0	0	-1	pg_catalog
12050	pg_sequences	c	C	f	-1	f	0	12049	12048	0	-1	pg_catalog
12054	_pg_stats	b	A	f	-1	f	12055	0	0	0	-1	pg_catalog
12055	pg_stats	c	C	f	-1	f	0	12054	12053	0	-1	pg_catalog
12059	_pg_stats_ext	b	A	f	-1	f	12060	0	0	0	-1	pg_catalog
12060	pg_stats_ext	c	C	f	-1	f	0	12059	12058	0	-1	pg_catalog
12064	_pg_stats_ext_exprs	b	A	f	-1	f	12065	0	0	0	-1	pg_catalog
12065	pg_stats_ext_exprs	c	C	f	-1	f	0	12064	12063	0	-1	pg_catalog
12069	_pg_publication_tables	b	A	f	-1	f	12070	0	0	0	-1	pg_catalog
12070	pg_publication_tables	c	C	f	-1	f	0	12069	12068	0	-1	pg_catalog
12074	_pg_locks	b	A	f	-1	f	12075	0	0	0	-1	pg_catalog
12075	pg_locks	c	C	f	-1	f	0	12074	12073	0	-1	pg_catalog
12078	_pg_cursors	b	A	f	-1	f	12079	0	0	0	-1	pg_catalog
12079	pg_cursors	c	C	f	-1	f	0	12078	12077	0	-1	pg_catalog
12082	_pg_available_extensions	b	A	f	-1	f	12083	0	0	0	-1	pg_catalog
12083	pg_available_extensions	c	C	f	-1	f	0	12082	12081	0	-1	pg_catalog
12086	_pg_available_extension_versions	b	A	f	-1	f	12087	0	0	0	-1	pg_catalog
12087	pg_available_extension_versions	c	C	f	-1	f	0	12086	12085	0	-1	pg_catalog
12091	_pg_prepared_xacts	b	A	f	-1	f	12092	0	0	0	-1	pg_catalog
12092	pg_prepared_xacts	c	C	f	-1	f	0	12091	12090	0	-1	pg_catalog
12096	_pg_prepared_statements	b	A	f	-1	f	12097	0	0	0	-1	pg_catalog
12097	pg_prepared_statements	c	C	f	-1	f	0	12096	12095	0	-1	pg_catalog
12100	_pg_seclabels	b	A	f	-1	f	12101	0	0	0	-1	pg_catalog
12101	pg_seclabels	c	C	f	-1	f	0	12100	12099	0	-1	pg_catalog
12105	_pg_settings	b	A	f	-1	f	12106	0	0	0	-1	pg_catalog
12106	pg_settings	c	C	f	-1	f	0	12105	12104	0	-1	pg_catalog
12111	_pg_file_settings	b	A	f	-1	f	12112	0	0	0	-1	pg_catalog
12112	pg_file_settings	c	C	f	-1	f	0	12111	12110	0	-1	pg_catalog
12115	_pg_hba_file_rules	b	A	f	-1	f	12116	0	0	0	-1	pg_catalog
12116	pg_hba_file_rules	c	C	f	-1	f	0	12115	12114	0	-1	pg_catalog
12119	_pg_ident_file_mappings	b	A	f	-1	f	12120	0	0	0	-1	pg_catalog
12120	pg_ident_file_mappings	c	C	f	-1	f	0	12119	12118	0	-1	pg_catalog
12123	_pg_timezone_abbrevs	b	A	f	-1	f	12124	0	0	0	-1	pg_catalog
12124	pg_timezone_abbrevs	c	C	f	-1	f	0	12123	12122	0	-1	pg_catalog
12127	_pg_timezone_names	b	A	f	-1	f	12128	0	0	0	-1	pg_catalog
12128	pg_timezone_names	c	C	f	-1	f	0	12127	12126	0	-1	pg_catalog
12131	_pg_config	b	A	f	-1	f	12132	0	0	0	-1	pg_catalog
12132	pg_config	c	C	f	-1	f	0	12131	12130	0	-1	pg_catalog
12135	_pg_shmem_allocations	b	A	f	-1	f	12136	0	0	0	-1	pg_catalog
12136	pg_shmem_allocations	c	C	f	-1	f	0	12135	12134	0	-1	pg_catalog
12139	_pg_shmem_allocations_numa	b	A	f	-1	f	12140	0	0	0	-1	pg_catalog
12140	pg_shmem_allocations_numa	c	C	f	-1	f	0	12139	12138	0	-1	pg_catalog
12143	_pg_backend_memory_contexts	b	A	f	-1	f	12144	0	0	0	-1	pg_catalog
12144	pg_backend_memory_contexts	c	C	f	-1	f	0	12143	12142	0	-1	pg_catalog
12147	_pg_stat_all_tables	b	A	f	-1	f	12148	0	0	0	-1	pg_catalog
12148	pg_stat_all_tables	c	C	f	-1	f	0	12147	12146	0	-1	pg_catalog
12152	_pg_stat_xact_all_tables	b	A	f	-1	f	12153	0	0	0	-1	pg_catalog
12153	pg_stat_xact_all_tables	c	C	f	-1	f	0	12152	12151	0	-1	pg_catalog
12157	_pg_stat_sys_tables	b	A	f	-1	f	12158	0	0	0	-1	pg_catalog
12158	pg_stat_sys_tables	c	C	f	-1	f	0	12157	12156	0	-1	pg_catalog
12162	_pg_stat_xact_sys_tables	b	A	f	-1	f	12163	0	0	0	-1	pg_catalog
12163	pg_stat_xact_sys_tables	c	C	f	-1	f	0	12162	12161	0	-1	pg_catalog
12166	_pg_stat_user_tables	b	A	f	-1	f	12167	0	0	0	-1	pg_catalog
12167	pg_stat_user_tables	c	C	f	-1	f	0	12166	12165	0	-1	pg_catalog
12171	_pg_stat_xact_user_tables	b	A	f	-1	f	12172	0	0	0	-1	pg_catalog
12172	pg_stat_xact_user_tables	c	C	f	-1	f	0	12171	12170	0	-1	pg_catalog
12175	_pg_statio_all_tables	b	A	f	-1	f	12176	0	0	0	-1	pg_catalog
12176	pg_statio_all_tables	c	C	f	-1	f	0	12175	12174	0	-1	pg_catalog
12180	_pg_statio_sys_tables	b	A	f	-1	f	12181	0	0	0	-1	pg_catalog
12181	pg_statio_sys_tables	c	C	f	-1	f	0	12180	12179	0	-1	pg_catalog
12184	_pg_statio_user_tables	b	A	f	-1	f	12185	0	0	0	-1	pg_catalog
12185	pg_statio_user_tables	c	C	f	-1	f	0	12184	12183	0	-1	pg_catalog
12188	_pg_stat_all_indexes	b	A	f	-1	f	12189	0	0	0	-1	pg_catalog
12189	pg_stat_all_indexes	c	C	f	-1	f	0	12188	12187	0	-1	pg_catalog
12193	_pg_stat_sys_indexes	b	A	f	-1	f	12194	0	0	0	-1	pg_catalog
12194	pg_stat_sys_indexes	c	C	f	-1	f	0	12193	12192	0	-1	pg_catalog
12197	_pg_stat_user_indexes	b	A	f	-1	f	12198	0	0	0	-1	pg_catalog
12198	pg_stat_user_indexes	c	C	f	-1	f	0	12197	12196	0	-1	pg_catalog
12201	_pg_statio_all_indexes	b	A	f	-1	f	12202	0	0	0	-1	pg_catalog
12202	pg_statio_all_indexes	c	C	f	-1	f	0	12201	12200	0	-1	pg_catalog
12206	_pg_statio_sys_indexes	b	A	f	-1	f	12207	0	0	0	-1	pg_catalog
12207	pg_statio_sys_indexes	c	C	f	-1	f	0	12206	12205	0	-1	pg_catalog
12210	_pg_statio_user_indexes	b	A	f	-1	f	12211	0	0	0	-1	pg_catalog
12211	pg_statio_user_indexes	c	C	f	-1	f	0	12210	12209	0	-1	pg_catalog
12214	_pg_statio_all_sequences	b	A	f	-1	f	12215	0	0	0	-1	pg_catalog
12215	pg_statio_all_sequences	c	C	f	-1	f	0	12214	12213	0	-1	pg_catalog
12219	_pg_statio_sys_sequences	b	A	f	-1	f	12220	0	0	0	-1	pg_catalog
12220	pg_statio_sys_sequences	c	C	f	-1	f	0	12219	12218	0	-1	pg_catalog
12223	_pg_statio_user_sequences	b	A	f	-1	f	12224	0	0	0	-1	pg_catalog
12224	pg_statio_user_sequences	c	C	f	-1	f	0	12223	12222	0	-1	pg_catalog
12227	_pg_stat_activity	b	A	f	-1	f	12228	0	0	0	-1	pg_catalog
12228	pg_stat_activity	c	C	f	-1	f	0	12227	12226	0	-1	pg_catalog
12232	_pg_stat_replication	b	A	f	-1	f	12233	0	0	0	-1	pg_catalog
12233	pg_stat_replication	c	C	f	-1	f	0	12232	12231	0	-1	pg_catalog
12237	_pg_stat_slru	b	A	f	-1	f	12238	0	0	0	-1	pg_catalog
12238	pg_stat_slru	c	C	f	-1	f	0	12237	12236	0	-1	pg_catalog
12241	_pg_stat_wal_receiver	b	A	f	-1	f	12242	0	0	0	-1	pg_catalog
12242	pg_stat_wal_receiver	c	C	f	-1	f	0	12241	12240	0	-1	pg_catalog
12245	_pg_stat_recovery_prefetch	b	A	f	-1	f	12246	0	0	0	-1	pg_catalog
12246	pg_stat_recovery_prefetch	c	C	f	-1	f	0	12245	12244	0	-1	pg_catalog
12249	_pg_stat_subscription	b	A	f	-1	f	12250	0	0	0	-1	pg_catalog
12250	pg_stat_subscription	c	C	f	-1	f	0	12249	12248	0	-1	pg_catalog
12254	_pg_stat_ssl	b	A	f	-1	f	12255	0	0	0	-1	pg_catalog
12255	pg_stat_ssl	c	C	f	-1	f	0	12254	12253	0	-1	pg_catalog
12258	_pg_stat_gssapi	b	A	f	-1	f	12259	0	0	0	-1	pg_catalog
12259	pg_stat_gssapi	c	C	f	-1	f	0	12258	12257	0	-1	pg_catalog
12262	_pg_replication_slots	b	A	f	-1	f	12263	0	0	0	-1	pg_catalog
12263	pg_replication_slots	c	C	f	-1	f	0	12262	12261	0	-1	pg_catalog
12267	_pg_stat_replication_slots	b	A	f	-1	f	12268	0	0	0	-1	pg_catalog
12268	pg_stat_replication_slots	c	C	f	-1	f	0	12267	12266	0	-1	pg_catalog
12271	_pg_stat_database	b	A	f	-1	f	12272	0	0	0	-1	pg_catalog
12272	pg_stat_database	c	C	f	-1	f	0	12271	12270	0	-1	pg_catalog
12276	_pg_stat_database_conflicts	b	A	f	-1	f	12277	0	0	0	-1	pg_catalog
12277	pg_stat_database_conflicts	c	C	f	-1	f	0	12276	12275	0	-1	pg_catalog
12280	_pg_stat_user_functions	b	A	f	-1	f	12281	0	0	0	-1	pg_catalog
12281	pg_stat_user_functions	c	C	f	-1	f	0	12280	12279	0	-1	pg_catalog
12285	_pg_stat_xact_user_functions	b	A	f	-1	f	12286	0	0	0	-1	pg_catalog
12286	pg_stat_xact_user_functions	c	C	f	-1	f	0	12285	12284	0	-1	pg_catalog
12290	_pg_stat_archiver	b	A	f	-1	f	12291	0	0	0	-1	pg_catalog
12291	pg_stat_archiver	c	C	f	-1	f	0	12290	12289	0	-1	pg_catalog
12294	_pg_stat_bgwriter	b	A	f	-1	f	12295	0	0	0	-1	pg_catalog
12295	pg_stat_bgwriter	c	C	f	-1	f	0	12294	12293	0	-1	pg_catalog
12298	_pg_stat_checkpointer	b	A	f	-1	f	12299	0	0	0	-1	pg_catalog
12299	pg_stat_checkpointer	c	C	f	-1	f	0	12298	12297	0	-1	pg_catalog
12302	_pg_stat_io	b	A	f	-1	f	12303	0	0	0	-1	pg_catalog
12303	pg_stat_io	c	C	f	-1	f	0	12302	12301	0	-1	pg_catalog
12306	_pg_stat_wal	b	A	f	-1	f	12307	0	0	0	-1	pg_catalog
12307	pg_stat_wal	c	C	f	-1	f	0	12306	12305	0	-1	pg_catalog
12310	_pg_stat_progress_analyze	b	A	f	-1	f	12311	0	0	0	-1	pg_catalog
12311	pg_stat_progress_analyze	c	C	f	-1	f	0	12310	12309	0	-1	pg_catalog
12315	_pg_stat_progress_vacuum	b	A	f	-1	f	12316	0	0	0	-1	pg_catalog
12316	pg_stat_progress_vacuum	c	C	f	-1	f	0	12315	12314	0	-1	pg_catalog
12320	_pg_stat_progress_cluster	b	A	f	-1	f	12321	0	0	0	-1	pg_catalog
12321	pg_stat_progress_cluster	c	C	f	-1	f	0	12320	12319	0	-1	pg_catalog
12325	_pg_stat_progress_create_index	b	A	f	-1	f	12326	0	0	0	-1	pg_catalog
12326	pg_stat_progress_create_index	c	C	f	-1	f	0	12325	12324	0	-1	pg_catalog
12330	_pg_stat_progress_basebackup	b	A	f	-1	f	12331	0	0	0	-1	pg_catalog
12331	pg_stat_progress_basebackup	c	C	f	-1	f	0	12330	12329	0	-1	pg_catalog
12334	_pg_stat_progress_copy	b	A	f	-1	f	12335	0	0	0	-1	pg_catalog
12335	pg_stat_progress_copy	c	C	f	-1	f	0	12334	12333	0	-1	pg_catalog
12339	_pg_user_mappings	b	A	f	-1	f	12340	0	0	0	-1	pg_catalog
12340	pg_user_mappings	c	C	f	-1	f	0	12339	12338	0	-1	pg_catalog
12344	_pg_replication_origin_status	b	A	f	-1	f	12345	0	0	0	-1	pg_catalog
12345	pg_replication_origin_status	c	C	f	-1	f	0	12344	12343	0	-1	pg_catalog
12348	_pg_stat_subscription_stats	b	A	f	-1	f	12349	0	0	0	-1	pg_catalog
12349	pg_stat_subscription_stats	c	C	f	-1	f	0	12348	12347	0	-1	pg_catalog
12352	_pg_wait_events	b	A	f	-1	f	12353	0	0	0	-1	pg_catalog
12353	pg_wait_events	c	C	f	-1	f	0	12352	12351	0	-1	pg_catalog
12356	_pg_aios	b	A	f	-1	f	12357	0	0	0	-1	pg_catalog
12357	pg_aios	c	C	f	-1	f	0	12356	12355	0	-1	pg_catalog
13157	_cardinal_number	b	A	f	-1	f	13158	0	0	0	-1	information_schema
13158	cardinal_number	d	N	f	4	t	0	13157	0	23	-1	information_schema
13160	_character_data	b	A	f	-1	f	13161	0	0	0	-1	information_schema
13161	character_data	d	S	f	-1	f	0	13160	0	1043	-1	information_schema
13162	_sql_identifier	b	A	f	-1	f	13163	0	0	0	-1	information_schema
13163	sql_identifier	d	S	f	64	f	0	13162	0	19	-1	information_schema
13165	_information_schema_catalog_name	b	A	f	-1	f	13166	0	0	0	-1	information_schema
13166	information_schema_catalog_name	c	C	f	-1	f	0	13165	13164	0	-1	information_schema
13168	_time_stamp	b	A	f	-1	f	13169	0	0	0	-1	information_schema
13169	time_stamp	d	D	f	8	t	0	13168	0	1184	2	information_schema
13170	_yes_or_no	b	A	f	-1	f	13171	0	0	0	-1	information_schema
13171	yes_or_no	d	S	f	-1	f	0	13170	0	1043	7	information_schema
13174	_applicable_roles	b	A	f	-1	f	13175	0	0	0	-1	information_schema
13175	applicable_roles	c	C	f	-1	f	0	13174	13173	0	-1	information_schema
13179	_administrable_role_authorizations	b	A	f	-1	f	13180	0	0	0	-1	information_schema
13180	administrable_role_authorizations	c	C	f	-1	f	0	13179	13178	0	-1	information_schema
13183	_attributes	b	A	f	-1	f	13184	0	0	0	-1	information_schema
13184	attributes	c	C	f	-1	f	0	13183	13182	0	-1	information_schema
13188	_character_sets	b	A	f	-1	f	13189	0	0	0	-1	information_schema
13189	character_sets	c	C	f	-1	f	0	13188	13187	0	-1	information_schema
13193	_check_constraint_routine_usage	b	A	f	-1	f	13194	0	0	0	-1	information_schema
13194	check_constraint_routine_usage	c	C	f	-1	f	0	13193	13192	0	-1	information_schema
13198	_check_constraints	b	A	f	-1	f	13199	0	0	0	-1	information_schema
13199	check_constraints	c	C	f	-1	f	0	13198	13197	0	-1	information_schema
13203	_collations	b	A	f	-1	f	13204	0	0	0	-1	information_schema
13204	collations	c	C	f	-1	f	0	13203	13202	0	-1	information_schema
13208	_collation_character_set_applicability	b	A	f	-1	f	13209	0	0	0	-1	information_schema
13209	collation_character_set_applicability	c	C	f	-1	f	0	13208	13207	0	-1	information_schema
13213	_column_column_usage	b	A	f	-1	f	13214	0	0	0	-1	information_schema
13214	column_column_usage	c	C	f	-1	f	0	13213	13212	0	-1	information_schema
13218	_column_domain_usage	b	A	f	-1	f	13219	0	0	0	-1	information_schema
13219	column_domain_usage	c	C	f	-1	f	0	13218	13217	0	-1	information_schema
13223	_column_privileges	b	A	f	-1	f	13224	0	0	0	-1	information_schema
13224	column_privileges	c	C	f	-1	f	0	13223	13222	0	-1	information_schema
13228	_column_udt_usage	b	A	f	-1	f	13229	0	0	0	-1	information_schema
13229	column_udt_usage	c	C	f	-1	f	0	13228	13227	0	-1	information_schema
13233	_columns	b	A	f	-1	f	13234	0	0	0	-1	information_schema
13234	columns	c	C	f	-1	f	0	13233	13232	0	-1	information_schema
13238	_constraint_column_usage	b	A	f	-1	f	13239	0	0	0	-1	information_schema
13239	constraint_column_usage	c	C	f	-1	f	0	13238	13237	0	-1	information_schema
13243	_constraint_table_usage	b	A	f	-1	f	13244	0	0	0	-1	information_schema
13244	constraint_table_usage	c	C	f	-1	f	0	13243	13242	0	-1	information_schema
13248	_domain_constraints	b	A	f	-1	f	13249	0	0	0	-1	information_schema
13249	domain_constraints	c	C	f	-1	f	0	13248	13247	0	-1	information_schema
13253	_domain_udt_usage	b	A	f	-1	f	13254	0	0	0	-1	information_schema
13254	domain_udt_usage	c	C	f	-1	f	0	13253	13252	0	-1	information_schema
13257	_domains	b	A	f	-1	f	13258	0	0	0	-1	information_schema
13258	domains	c	C	f	-1	f	0	13257	13256	0	-1	information_schema
13262	_enabled_roles	b	A	f	-1	f	13263	0	0	0	-1	information_schema
13263	enabled_roles	c	C	f	-1	f	0	13262	13261	0	-1	information_schema
13266	_key_column_usage	b	A	f	-1	f	13267	0	0	0	-1	information_schema
13267	key_column_usage	c	C	f	-1	f	0	13266	13265	0	-1	information_schema
13271	_parameters	b	A	f	-1	f	13272	0	0	0	-1	information_schema
13272	parameters	c	C	f	-1	f	0	13271	13270	0	-1	information_schema
13276	_referential_constraints	b	A	f	-1	f	13277	0	0	0	-1	information_schema
13277	referential_constraints	c	C	f	-1	f	0	13276	13275	0	-1	information_schema
13281	_role_column_grants	b	A	f	-1	f	13282	0	0	0	-1	information_schema
13282	role_column_grants	c	C	f	-1	f	0	13281	13280	0	-1	information_schema
13285	_routine_column_usage	b	A	f	-1	f	13286	0	0	0	-1	information_schema
13286	routine_column_usage	c	C	f	-1	f	0	13285	13284	0	-1	information_schema
13290	_routine_privileges	b	A	f	-1	f	13291	0	0	0	-1	information_schema
13291	routine_privileges	c	C	f	-1	f	0	13290	13289	0	-1	information_schema
13295	_role_routine_grants	b	A	f	-1	f	13296	0	0	0	-1	information_schema
13296	role_routine_grants	c	C	f	-1	f	0	13295	13294	0	-1	information_schema
13299	_routine_routine_usage	b	A	f	-1	f	13300	0	0	0	-1	information_schema
13300	routine_routine_usage	c	C	f	-1	f	0	13299	13298	0	-1	information_schema
13304	_routine_sequence_usage	b	A	f	-1	f	13305	0	0	0	-1	information_schema
13305	routine_sequence_usage	c	C	f	-1	f	0	13304	13303	0	-1	information_schema
13309	_routine_table_usage	b	A	f	-1	f	13310	0	0	0	-1	information_schema
13310	routine_table_usage	c	C	f	-1	f	0	13309	13308	0	-1	information_schema
13314	_routines	b	A	f	-1	f	13315	0	0	0	-1	information_schema
13315	routines	c	C	f	-1	f	0	13314	13313	0	-1	information_schema
13319	_schemata	b	A	f	-1	f	13320	0	0	0	-1	information_schema
13320	schemata	c	C	f	-1	f	0	13319	13318	0	-1	information_schema
13323	_sequences	b	A	f	-1	f	13324	0	0	0	-1	information_schema
13324	sequences	c	C	f	-1	f	0	13323	13322	0	-1	information_schema
13328	_sql_features	b	A	f	-1	f	13329	0	0	0	-1	information_schema
13329	sql_features	c	C	f	-1	f	0	13328	13327	0	-1	information_schema
13333	_sql_implementation_info	b	A	f	-1	f	13334	0	0	0	-1	information_schema
13334	sql_implementation_info	c	C	f	-1	f	0	13333	13332	0	-1	information_schema
13338	_sql_parts	b	A	f	-1	f	13339	0	0	0	-1	information_schema
13339	sql_parts	c	C	f	-1	f	0	13338	13337	0	-1	information_schema
13343	_sql_sizing	b	A	f	-1	f	13344	0	0	0	-1	information_schema
13344	sql_sizing	c	C	f	-1	f	0	13343	13342	0	-1	information_schema
13348	_table_constraints	b	A	f	-1	f	13349	0	0	0	-1	information_schema
13349	table_constraints	c	C	f	-1	f	0	13348	13347	0	-1	information_schema
13353	_table_privileges	b	A	f	-1	f	13354	0	0	0	-1	information_schema
13354	table_privileges	c	C	f	-1	f	0	13353	13352	0	-1	information_schema
13358	_role_table_grants	b	A	f	-1	f	13359	0	0	0	-1	information_schema
13359	role_table_grants	c	C	f	-1	f	0	13358	13357	0	-1	information_schema
13362	_tables	b	A	f	-1	f	13363	0	0	0	-1	information_schema
13363	tables	c	C	f	-1	f	0	13362	13361	0	-1	information_schema
13367	_transforms	b	A	f	-1	f	13368	0	0	0	-1	information_schema
13368	transforms	c	C	f	-1	f	0	13367	13366	0	-1	information_schema
13372	_triggered_update_columns	b	A	f	-1	f	13373	0	0	0	-1	information_schema
13373	triggered_update_columns	c	C	f	-1	f	0	13372	13371	0	-1	information_schema
13377	_triggers	b	A	f	-1	f	13378	0	0	0	-1	information_schema
13378	triggers	c	C	f	-1	f	0	13377	13376	0	-1	information_schema
13382	_udt_privileges	b	A	f	-1	f	13383	0	0	0	-1	information_schema
13383	udt_privileges	c	C	f	-1	f	0	13382	13381	0	-1	information_schema
13387	_role_udt_grants	b	A	f	-1	f	13388	0	0	0	-1	information_schema
13388	role_udt_grants	c	C	f	-1	f	0	13387	13386	0	-1	information_schema
13391	_usage_privileges	b	A	f	-1	f	13392	0	0	0	-1	information_schema
13392	usage_privileges	c	C	f	-1	f	0	13391	13390	0	-1	information_schema
13396	_role_usage_grants	b	A	f	-1	f	13397	0	0	0	-1	information_schema
13397	role_usage_grants	c	C	f	-1	f	0	13396	13395	0	-1	information_schema
13400	_user_defined_types	b	A	f	-1	f	13401	0	0	0	-1	information_schema
13401	user_defined_types	c	C	f	-1	f	0	13400	13399	0	-1	information_schema
13405	_view_column_usage	b	A	f	-1	f	13406	0	0	0	-1	information_schema
13406	view_column_usage	c	C	f	-1	f	0	13405	13404	0	-1	information_schema
13410	_view_routine_usage	b	A	f	-1	f	13411	0	0	0	-1	information_schema
13411	view_routine_usage	c	C	f	-1	f	0	13410	13409	0	-1	information_schema
13415	_view_table_usage	b	A	f	-1	f	13416	0	0	0	-1	information_schema
13416	view_table_usage	c	C	f	-1	f	0	13415	13414	0	-1	information_schema
13420	_views	b	A	f	-1	f	13421	0	0	0	-1	information_schema
13421	views	c	C	f	-1	f	0	13420	13419	0	-1	information_schema
13425	_data_type_privileges	b	A	f	-1	f	13426	0	0	0	-1	information_schema
13426	data_type_privileges	c	C	f	-1	f	0	13425	13424	0	-1	information_schema
13430	_element_types	b	A	f	-1	f	13431	0	0	0	-1	information_schema
13431	element_types	c	C	f	-1	f	0	13430	13429	0	-1	information_schema
13435	__pg_foreign_table_columns	b	A	f	-1	f	13436	0	0	0	-1	information_schema
13436	_pg_foreign_table_columns	c	C	f	-1	f	0	13435	13434	0	-1	information_schema
13440	_column_options	b	A	f	-1	f	13441	0	0	0	-1	information_schema
13441	column_options	c	C	f	-1	f	0	13440	13439	0	-1	information_schema
13444	__pg_foreign_data_wrappers	b	A	f	-1	f	13445	0	0	0	-1	information_schema
13445	_pg_foreign_data_wrappers	c	C	f	-1	f	0	13444	13443	0	-1	information_schema
13448	_foreign_data_wrapper_options	b	A	f	-1	f	13449	0	0	0	-1	information_schema
13449	foreign_data_wrapper_options	c	C	f	-1	f	0	13448	13447	0	-1	information_schema
13452	_foreign_data_wrappers	b	A	f	-1	f	13453	0	0	0	-1	information_schema
13453	foreign_data_wrappers	c	C	f	-1	f	0	13452	13451	0	-1	information_schema
13456	__pg_foreign_servers	b	A	f	-1	f	13457	0	0	0	-1	information_schema
13457	_pg_foreign_servers	c	C	f	-1	f	0	13456	13455	0	-1	information_schema
13460	_foreign_server_options	b	A	f	-1	f	13461	0	0	0	-1	information_schema
13461	foreign_server_options	c	C	f	-1	f	0	13460	13459	0	-1	information_schema
13464	_foreign_servers	b	A	f	-1	f	13465	0	0	0	-1	information_schema
13465	foreign_servers	c	C	f	-1	f	0	13464	13463	0	-1	information_schema
13468	__pg_foreign_tables	b	A	f	-1	f	13469	0	0	0	-1	information_schema
13469	_pg_foreign_tables	c	C	f	-1	f	0	13468	13467	0	-1	information_schema
13473	_foreign_table_options	b	A	f	-1	f	13474	0	0	0	-1	information_schema
13474	foreign_table_options	c	C	f	-1	f	0	13473	13472	0	-1	information_schema
13477	_foreign_tables	b	A	f	-1	f	13478	0	0	0	-1	information_schema
13478	foreign_tables	c	C	f	-1	f	0	13477	13476	0	-1	information_schema
13481	__pg_user_mappings	b	A	f	-1	f	13482	0	0	0	-1	information_schema
13482	_pg_user_mappings	c	C	f	-1	f	0	13481	13480	0	-1	information_schema
13486	_user_mapping_options	b	A	f	-1	f	13487	0	0	0	-1	information_schema
13487	user_mapping_options	c	C	f	-1	f	0	13486	13485	0	-1	information_schema
13491	_user_mappings	b	A	f	-1	f	13492	0	0	0	-1	information_schema
13492	user_mappings	c	C	f	-1	f	0	13491	13490	0	-1	information_schema
