16586	>	b	16386	16386	16	16422	16588	16589	f	f	public
16587	>=	b	16386	16386	16	16421	16589	16588	f	f	public
16588	<	b	16386	16386	16	16418	16586	16587	f	f	public
16589	<=	b	16386	16386	16	16419	16587	16586	f	f	public
16590	<>	b	16386	16386	16	16423	16590	16591	f	f	public
16591	=	b	16386	16386	16	16420	16591	16590	t	t	public
16592	>	b	16390	16386	16	16482	16594	16601	f	f	public
16593	>=	b	16386	16390	16	16427	16601	16594	f	f	public
16594	<	b	16386	16390	16	16424	16592	16593	f	f	public
16595	>=	b	16390	16386	16	16481	16597	16602	f	f	public
16596	>	b	16386	16390	16	16428	16602	16597	f	f	public
16597	<=	b	16386	16390	16	16425	16595	16596	f	f	public
16598	=	b	16390	16386	16	16480	16600	16603	t	t	public
16599	<>	b	16386	16390	16	16429	16603	16600	f	f	public
16600	=	b	16386	16390	16	16426	16598	16599	t	t	public
16601	<=	b	16390	16386	16	16479	16593	16592	f	f	public
16602	<	b	16390	16386	16	16478	16596	16595	f	f	public
16603	<>	b	16390	16386	16	16483	16599	16598	f	f	public
16604	>	b	16394	16386	16	16518	16606	16613	f	f	public
16605	>=	b	16386	16394	16	16433	16613	16606	f	f	public
16606	<	b	16386	16394	16	16430	16604	16605	f	f	public
16607	>=	b	16394	16386	16	16517	16609	16614	f	f	public
16608	>	b	16386	16394	16	16434	16614	16609	f	f	public
16609	<=	b	16386	16394	16	16431	16607	16608	f	f	public
16610	=	b	16394	16386	16	16516	16612	16615	t	t	public
16611	<>	b	16386	16394	16	16435	16615	16612	f	f	public
16612	=	b	16386	16394	16	16432	16610	16611	t	t	public
16613	<=	b	16394	16386	16	16515	16605	16604	f	f	public
16614	<	b	16394	16386	16	16514	16608	16607	f	f	public
16615	<>	b	16394	16386	16	16519	16611	16610	f	f	public
16616	>	b	16398	16386	16	16554	16618	16625	f	f	public
16617	>=	b	16386	16398	16	16439	16625	16618	f	f	public
16618	<	b	16386	16398	16	16436	16616	16617	f	f	public
16619	>=	b	16398	16386	16	16553	16621	16626	f	f	public
16620	>	b	16386	16398	16	16440	16626	16621	f	f	public
16621	<=	b	16386	16398	16	16437	16619	16620	f	f	public
16622	=	b	16398	16386	16	16552	16624	16627	t	t	public
16623	<>	b	16386	16398	16	16441	16627	16624	f	f	public
16624	=	b	16386	16398	16	16438	16622	16623	t	t	public
16625	<=	b	16398	16386	16	16551	16617	16616	f	f	public
16626	<	b	16398	16386	16	16550	16620	16619	f	f	public
16627	<>	b	16398	16386	16	16555	16623	16622	f	f	public
16628	>	b	16402	16386	16	16500	16630	16637	f	f	public
16629	>=	b	16386	16402	16	16445	16637	16630	f	f	public
16630	<	b	16386	16402	16	16442	16628	16629	f	f	public
16631	>=	b	16402	16386	16	16499	16633	16638	f	f	public
16632	>	b	16386	16402	16	16446	16638	16633	f	f	public
16633	<=	b	16386	16402	16	16443	16631	16632	f	f	public
16634	=	b	16402	16386	16	16498	16636	16639	t	t	public
16635	<>	b	16386	16402	16	16447	16639	16636	f	f	public
16636	=	b	16386	16402	16	16444	16634	16635	t	t	public
16637	<=	b	16402	16386	16	16497	16629	16628	f	f	public
16638	<	b	16402	16386	16	16496	16632	16631	f	f	public
16639	<>	b	16402	16386	16	16501	16635	16634	f	f	public
16640	>	b	16406	16386	16	16536	16642	16649	f	f	public
16641	>=	b	16386	16406	16	16451	16649	16642	f	f	public
16642	<	b	16386	16406	16	16448	16640	16641	f	f	public
16643	>=	b	16406	16386	16	16535	16645	16650	f	f	public
16644	>	b	16386	16406	16	16452	16650	16645	f	f	public
16645	<=	b	16386	16406	16	16449	16643	16644	f	f	public
16646	=	b	16406	16386	16	16534	16648	16651	t	t	public
16647	<>	b	16386	16406	16	16453	16651	16648	f	f	public
16648	=	b	16386	16406	16	16450	16646	16647	t	t	public
16649	<=	b	16406	16386	16	16533	16641	16640	f	f	public
16650	<	b	16406	16386	16	16532	16644	16643	f	f	public
16651	<>	b	16406	16386	16	16537	16647	16646	f	f	public
16652	>	b	16410	16386	16	16572	16654	16661	f	f	public
16653	>=	b	16386	16410	16	16457	16661	16654	f	f	public
16654	<	b	16386	16410	16	16454	16652	16653	f	f	public
16655	>=	b	16410	16386	16	16571	16657	16662	f	f	public
16656	>	b	16386	16410	16	16458	16662	16657	f	f	public
16657	<=	b	16386	16410	16	16455	16655	16656	f	f	public
16658	=	b	16410	16386	16	16570	16660	16663	t	t	public
16659	<>	b	16386	16410	16	16459	16663	16660	f	f	public
16660	=	b	16386	16410	16	16456	16658	16659	t	t	public
16661	<=	b	16410	16386	16	16569	16653	16652	f	f	public
16662	<	b	16410	16386	16	16568	16656	16655	f	f	public
16663	<>	b	16410	16386	16	16573	16659	16658	f	f	public
16664	>	b	16414	16386	16	16584	16666	16673	f	f	public
16665	>=	b	16386	16414	16	16463	16673	16666	f	f	public
16666	<	b	16386	16414	16	16460	16664	16665	f	f	public
16667	>=	b	16414	16386	16	16583	16669	16674	f	f	public
16668	>	b	16386	16414	16	16464	16674	16669	f	f	public
16669	<=	b	16386	16414	16	16461	16667	16668	f	f	public
16670	=	b	16414	16386	16	16582	16672	16675	t	t	public
16671	<>	b	16386	16414	16	16465	16675	16672	f	f	public
16672	=	b	16386	16414	16	16462	16670	16671	t	t	public
16673	<=	b	16414	16386	16	16581	16665	16664	f	f	public
16674	<	b	16414	16386	16	16580	16668	16667	f	f	public
16675	<>	b	16414	16386	16	16585	16671	16670	f	f	public
16676	>	b	16390	16390	16	16470	16678	16679	f	f	public
16677	>=	b	16390	16390	16	16469	16679	16678	f	f	public
16678	<	b	16390	16390	16	16466	16676	16677	f	f	public
16679	<=	b	16390	16390	16	16467	16677	16676	f	f	public
16680	<>	b	16390	16390	16	16471	16680	16681	f	f	public
16681	=	b	16390	16390	16	16468	16681	16680	t	t	public
16682	>	b	16402	16390	16	16494	16684	16691	f	f	public
16683	>=	b	16390	16402	16	16475	16691	16684	f	f	public
16684	<	b	16390	16402	16	16472	16682	16683	f	f	public
16685	>=	b	16402	16390	16	16493	16687	16692	f	f	public
16686	>	b	16390	16402	16	16476	16692	16687	f	f	public
16687	<=	b	16390	16402	16	16473	16685	16686	f	f	public
16688	=	b	16402	16390	16	16492	16690	16693	t	t	public
16689	<>	b	16390	16402	16	16477	16693	16690	f	f	public
16690	=	b	16390	16402	16	16474	16688	16689	t	t	public
16691	<=	b	16402	16390	16	16491	16683	16682	f	f	public
16692	<	b	16402	16390	16	16490	16686	16685	f	f	public
16693	<>	b	16402	16390	16	16495	16689	16688	f	f	public
16694	>	b	16402	16402	16	16488	16696	16697	f	f	public
16695	>=	b	16402	16402	16	16487	16697	16696	f	f	public
16696	<	b	16402	16402	16	16484	16694	16695	f	f	public
16697	<=	b	16402	16402	16	16485	16695	16694	f	f	public
16698	<>	b	16402	16402	16	16489	16698	16699	f	f	public
16699	=	b	16402	16402	16	16486	16699	16698	t	t	public
16700	>	b	16394	16394	16	16506	16702	16703	f	f	public
16701	>=	b	16394	16394	16	16505	16703	16702	f	f	public
16702	<	b	16394	16394	16	16502	16700	16701	f	f	public
16703	<=	b	16394	16394	16	16503	16701	16700	f	f	public
16704	<>	b	16394	16394	16	16507	16704	16705	f	f	public
16705	=	b	16394	16394	16	16504	16705	16704	t	t	public
16706	>	b	16406	16394	16	16530	16708	16715	f	f	public
16707	>=	b	16394	16406	16	16511	16715	16708	f	f	public
16708	<	b	16394	16406	16	16508	16706	16707	f	f	public
16709	>=	b	16406	16394	16	16529	16711	16716	f	f	public
16710	>	b	16394	16406	16	16512	16716	16711	f	f	public
16711	<=	b	16394	16406	16	16509	16709	16710	f	f	public
16712	=	b	16406	16394	16	16528	16714	16717	t	t	public
16713	<>	b	16394	16406	16	16513	16717	16714	f	f	public
16714	=	b	16394	16406	16	16510	16712	16713	t	t	public
16715	<=	b	16406	16394	16	16527	16707	16706	f	f	public
16716	<	b	16406	16394	16	16526	16710	16709	f	f	public
16717	<>	b	16406	16394	16	16531	16713	16712	f	f	public
16718	>	b	16406	16406	16	16524	16720	16721	f	f	public
16719	>=	b	16406	16406	16	16523	16721	16720	f	f	public
16720	<	b	16406	16406	16	16520	16718	16719	f	f	public
16721	<=	b	16406	16406	16	16521	16719	16718	f	f	public
16722	<>	b	16406	16406	16	16525	16722	16723	f	f	public
16723	=	b	16406	16406	16	16522	16723	16722	t	t	public
16724	>	b	16398	16398	16	16542	16726	16727	f	f	public
16725	>=	b	16398	16398	16	16541	16727	16726	f	f	public
16726	<	b	16398	16398	16	16538	16724	16725	f	f	public
16727	<=	b	16398	16398	16	16539	16725	16724	f	f	public
16728	<>	b	16398	16398	16	16543	16728	16729	f	f	public
16729	=	b	16398	16398	16	16540	16729	16728	t	t	public
16730	>	b	16410	16398	16	16566	16732	16739	f	f	public
16731	>=	b	16398	16410	16	16547	16739	16732	f	f	public
16732	<	b	16398	16410	16	16544	16730	16731	f	f	public
16733	>=	b	16410	16398	16	16565	16735	16740	f	f	public
16734	>	b	16398	16410	16	16548	16740	16735	f	f	public
16735	<=	b	16398	16410	16	16545	16733	16734	f	f	public
16736	=	b	16410	16398	16	16564	16738	16741	t	t	public
16737	<>	b	16398	16410	16	16549	16741	16738	f	f	public
16738	=	b	16398	16410	16	16546	16736	16737	t	t	public
16739	<=	b	16410	16398	16	16563	16731	16730	f	f	public
16740	<	b	16410	16398	16	16562	16734	16733	f	f	public
16741	<>	b	16410	16398	16	16567	16737	16736	f	f	public
16742	>	b	16410	16410	16	16560	16744	16745	f	f	public
16743	>=	b	16410	16410	16	16559	16745	16744	f	f	public
16744	<	b	16410	16410	16	16556	16742	16743	f	f	public
16745	<=	b	16410	16410	16	16557	16743	16742	f	f	public
16746	<>	b	16410	16410	16	16561	16746	16747	f	f	public
16747	=	b	16410	16410	16	16558	16747	16746	t	t	public
16748	>	b	16414	16414	16	16578	16750	16751	f	f	public
16749	>=	b	16414	16414	16	16577	16751	16750	f	f	public
16750	<	b	16414	16414	16	16574	16748	16749	f	f	public
16751	<=	b	16414	16414	16	16575	16749	16748	f	f	public
16752	<>	b	16414	16414	16	16579	16752	16753	f	f	public
16753	=	b	16414	16414	16	16576	16753	16752	t	t	public
