16394	~~	b	16386	1007	16	16392	16395	0	f	f	public
16395	@@	b	1007	16386	16	16391	16394	0	f	f	public
16409	&&	b	1007	1007	16	16398	16409	0	f	f	public
16410	<@	b	1007	1007	16	16397	16411	0	f	f	public
16411	@>	b	1007	1007	16	16396	16410	0	f	f	public
16416	#	l	0	1007	23	16415	0	0	f	f	public
16423	#	b	1007	23	23	16422	0	0	f	f	public
16427	+	b	1007	23	1007	16426	0	0	f	f	public
16429	+	b	1007	1007	1007	16428	16429	0	f	f	public
16431	-	b	1007	23	1007	16430	0	0	f	f	public
16433	|	b	1007	23	1007	16432	0	0	f	f	public
16434	|	b	1007	1007	1007	16401	16434	0	f	f	public
16436	-	b	1007	1007	1007	16435	0	0	f	f	public
16437	&	b	1007	1007	1007	16402	16437	0	f	f	public
